0,0
0,0
0,0
0,0
0,0
0,0
0,0
0,0
0,0
0,0
0,0
0,0
0,0
0,0
0,0
0,0
0,0
0,0
0,0
0,0
0,0
0,0
0,0
0,0
0,0
0,16.258
0,19.657
0,21.438
0,26.663
0,27.163
0,30.048
0,30.553
0,30.827
0,32.239
0,33.009
0,34.335
0,35.351
0,35.604
0,35.691
0,35.898
0,35.931
0,36.151
0,36.279
0,36.624
0,36.773
0,36.802
0,37.42
0,37.656
0,37.797
0,37.859
0,37.965
0,38.233
0,38.337
0,38.416
0,38.443
0,38.644
0,39.187
0,39.451
0,39.866
0,39.899
0,40.027
0,40.258
0,40.27
0,40.384
0,40.875
0,41.133
0,41.21
0,41.634
0,41.874
0,41.945
0,41.985
0,41.993
0,42.086
0,42.106
0,42.183
0,42.486
0,42.525
0,42.58
0,42.654
0,42.696
0,42.75
0,42.782
0,42.797
0,42.897
0,43.211
0,43.485
0,43.685
0,43.877
0,43.967
0,43.991
0,44.407
0,44.816
0,45.13
0,45.199
0,45.43
0,45.508
0,45.514
0,45.527
0,45.554
0,45.582
0,45.683
0,45.709
0,46.867
0,47.421
0,47.447
0,47.682
0,47.754
0,47.761
0,47.794
0,47.891
0,47.934
0,47.96
0,47.97
0,48.385
0,48.607
0,48.942
0,49.146
0,49.171
0,49.262
0,49.565
0,50.059
0,50.066
0,50.499
0,50.51
0,50.751
0,51.142
0,51.265
0,51.477
0,51.714
0,51.931
0,52.054
0,52.464
0,52.711
0,52.932
0,53.354
0,53.672
0,53.713
0,53.766
0,54.192
0,54.316
0,54.398
0,54.468
0,54.874
0,55.233
1,55.596
1,55.619
1,56.083
1,56.184
1,56.216
1,56.306
1,56.703
1,56.886
1,56.958
1,56.977
1,57.091
1,57.308
1,57.332
1,57.639
1,57.909
1,58.135
1,58.165
1,58.294
1,58.387
1,58.393
1,58.407
1,58.47
1,58.69
1,59.021
1,59.17
1,59.253
1,59.478
1,59.49
1,59.496
1,59.678
1,59.863
1,59.957
1,59.983
1,60.013
1,60.017
1,60.025
1,60.046
1,60.092
1,60.11
1,60.15
1,60.159
1,60.276
1,60.308
1,60.404
1,60.439
1,60.509
1,60.641
1,60.646
1,60.757
1,60.778
1,60.856
1,60.882
1,60.956
1,61.018
1,61.117
1,61.198
1,61.303
1,61.305
1,61.349
1,61.409
1,61.487
1,61.587
1,61.589
1,61.593
1,61.618
1,61.634
1,61.78
1,61.82
1,61.863
1,61.878
1,61.883
1,61.971
1,61.994
1,62.008
1,62.018
1,62.076
1,62.216
1,62.614
1,62.776
1,62.78
1,62.894
1,63.007
1,63.017
1,63.087
1,63.103
1,63.134
1,63.154
1,63.16
1,63.198
1,63.255
1,63.263
1,63.295
1,63.316
1,63.334
1,63.359
1,63.621
1,63.641
1,63.972
1,63.991
1,63.993
1,63.993
1,64.006
1,64.011
1,64.033
1,64.034
1,64.101
1,64.101
1,64.141
1,64.259
1,64.401
1,64.475
1,64.634
1,64.734
1,64.79
1,64.796
1,64.798
1,64.811
1,64.901
1,64.905
1,64.958
1,64.988
1,64.996
1,65.005
1,65.009
1,65.019
1,65.054
1,65.097
1,65.195
1,65.246
1,65.264
1,65.287
1,65.316
1,65.573
1,65.61
1,65.637
1,65.64
1,65.658
1,65.675
1,65.771
1,65.852
1,65.896
1,65.901
1,65.914
1,65.919
1,65.93
1,65.941
1,65.971
1,66.064
1,66.153
1,66.155
1,66.201
1,66.22
1,66.232
1,66.246
1,66.275
1,66.366
1,66.374
1,66.407
1,66.41
1,66.49
1,66.529
1,66.565
1,66.568
1,66.595
1,66.691
1,66.696
1,66.765
1,66.807
1,66.856
1,66.882
1,66.907
1,66.931
1,66.932
1,66.963
1,66.974
1,66.988
1,67.03
1,67.046
1,67.126
1,67.137
1,67.176
1,67.405
1,67.452
1,67.458
1,67.56
1,67.598
1,67.6
1,67.6
1,67.606
1,67.745
1,67.76
1,67.863
1,67.886
1,67.904
1,67.987
1,68
1,68.055
1,68.242
1,68.283
1,68.311
1,68.326
1,68.388
1,68.479
1,68.537
1,68.544
1,68.734
1,68.742
1,68.798
1,68.826
1,68.86
1,68.936
1,69.018
1,69.114
1,69.147
1,69.167
1,69.169
1,69.222
1,69.234
1,69.272
1,69.313
1,69.347
1,69.457
1,69.487
1,69.489
1,69.538
1,69.555
1,69.573
1,69.594
1,69.704
1,69.737
1,69.742
1,69.742
1,69.768
1,69.782
1,69.792
1,69.919
1,69.965
1,69.979
1,69.986
1,69.994
1,69.995
1,70.047
1,70.074
1,70.09
1,70.1
1,70.116
1,70.123
1,70.163
1,70.183
1,70.196
1,70.214
1,70.229
1,70.256
1,70.26
1,70.286
1,70.296
1,70.317
1,70.331
1,70.49
1,70.535
1,70.608
1,70.649
1,70.708
1,70.746
1,70.759
1,70.769
1,70.778
1,70.784
1,70.802
1,70.806
1,70.875
1,70.876
1,70.886
1,70.891
1,71.031
1,71.065
1,71.077
1,71.084
1,71.14
1,71.156
1,71.171
1,71.228
1,71.229
1,71.233
1,71.27
1,71.283
1,71.285
1,71.308
1,71.312
1,71.337
1,71.356
1,71.416
1,71.478
1,71.533
1,71.597
1,71.608
1,71.609
1,71.642
1,71.705
1,71.707
1,71.756
1,71.758
1,71.911
1,71.913
1,71.952
1,71.984
1,71.998
1,72.001
1,72.022
1,72.071
1,72.073
1,72.117
1,72.177
1,72.188
1,72.211
1,72.305
1,72.357
1,72.582
1,72.656
1,72.677
1,72.685
1,72.724
1,72.74
1,72.777
1,72.788
1,72.845
1,72.882
1,72.884
1,72.91
1,72.937
1,73.052
1,73.11
1,73.136
1,73.162
1,73.178
1,73.183
1,73.314
1,73.411
1,73.438
1,73.507
1,73.526
1,73.531
1,73.545
1,73.581
1,73.716
1,73.742
1,73.811
1,73.894
1,73.961
1,73.979
1,74.045
1,74.046
1,74.068
1,74.072
1,74.074
1,74.078
1,74.153
1,74.162
1,74.166
1,74.183
1,74.255
1,74.384
1,74.392
1,74.413
1,74.481
1,74.531
1,74.55
1,74.551
1,74.576
1,74.6
1,74.601
1,74.619
1,74.665
1,74.666
1,74.697
1,74.728
1,74.739
1,74.809
1,74.811
1,74.82
1,74.884
1,74.894
1,74.961
1,74.983
1,74.985
1,75
1,75.017
1,75.031
1,75.06
1,75.064
1,75.064
1,75.064
1,75.085
1,75.11
1,75.114
1,75.115
1,75.127
1,75.22
1,75.25
1,75.297
1,75.316
1,75.367
1,75.377
1,75.416
1,75.452
1,75.467
1,75.467
1,75.487
1,75.532
1,75.634
1,75.669
1,75.699
1,75.706
1,75.738
1,75.768
1,75.77
1,75.826
1,75.887
1,75.889
1,75.955
1,75.959
1,76.009
1,76.013
1,76.014
1,76.096
1,76.125
1,76.161
1,76.166
1,76.222
1,76.236
1,76.296
1,76.354
1,76.385
1,76.415
1,76.425
1,76.449
1,76.455
1,76.499
1,76.549
1,76.562
1,76.57
1,76.693
1,76.693
1,76.716
1,76.731
1,76.738
1,76.74
1,76.76
1,76.799
1,76.814
1,76.907
1,76.908
1,76.953
1,76.965
1,76.98
1,76.986
1,77.006
1,77.069
1,77.072
1,77.081
1,77.09
1,77.115
1,77.15
1,77.207
1,77.212
1,77.235
1,77.304
1,77.306
1,77.352
1,77.364
1,77.39
1,77.399
1,77.41
1,77.478
1,77.5
1,77.56
1,77.581
1,77.635
1,77.645
1,77.692
1,77.718
1,77.722
1,77.754
1,77.788
1,77.806
1,77.827
1,77.885
1,77.926
1,77.929
1,77.963
1,77.977
1,77.99
1,78.006
1,78.01
1,78.019
1,78.031
1,78.033
1,78.087
1,78.109
1,78.134
1,78.136
1,78.139
1,78.16
1,78.188
1,78.19
1,78.213
1,78.245
1,78.281
1,78.382
1,78.437
1,78.453
1,78.498
1,78.571
1,78.588
1,78.601
1,78.612
1,78.666
1,78.681
1,78.785
1,78.841
1,78.843
1,78.902
1,78.958
1,78.959
1,78.971
1,79.003
1,79.042
1,79.05
1,79.076
1,79.09
1,79.091
1,79.098
1,79.112
1,79.13
1,79.151
1,79.181
1,79.226
1,79.252
1,79.261
1,79.266
1,79.35
1,79.416
1,79.428
1,79.468
1,79.499
1,79.53
1,79.531
1,79.534
1,79.606
1,79.632
1,79.677
1,79.685
1,79.694
1,79.709
1,79.731
1,79.734
1,79.744
1,79.821
1,79.823
1,79.86
1,79.905
1,79.912
1,79.916
1,79.935
1,79.952
1,79.952
1,79.96
1,79.992
1,79.993
1,80.002
1,80.003
1,80.006
1,80.008
1,80.012
1,80.016
1,80.023
1,80.029
1,80.031
1,80.031
1,80.039
1,80.051
1,80.053
1,80.062
1,80.084
1,80.129
1,80.137
1,80.149
1,80.16
1,80.162
1,80.167
1,80.169
1,80.182
1,80.188
1,80.242
1,80.292
1,80.311
1,80.315
1,80.375
1,80.391
1,80.41
1,80.455
1,80.472
1,80.473
1,80.484
1,80.498
1,80.505
1,80.521
1,80.583
1,80.609
1,80.624
1,80.63
1,80.657
1,80.672
1,80.7
1,80.721
1,80.738
1,80.754
1,80.77
1,80.789
1,80.79
1,80.8
1,80.862
1,80.864
1,80.865
1,80.891
1,80.893
1,80.929
1,80.945
1,80.959
1,80.975
1,80.979
1,80.981
1,80.992
1,80.996
1,80.999
1,81.025
1,81.035
1,81.073
1,81.111
1,81.224
1,81.229
1,81.24
1,81.249
1,81.255
1,81.256
1,81.302
1,81.311
1,81.319
1,81.38
1,81.404
1,81.419
1,81.492
1,81.53
1,81.585
1,81.586
1,81.623
1,81.626
1,81.646
1,81.647
1,81.649
1,81.65
1,81.674
1,81.689
1,81.767
1,81.809
1,81.827
1,81.828
1,81.829
1,81.832
1,81.858
1,81.882
1,81.887
1,81.895
1,81.901
1,81.936
1,81.947
1,81.95
1,81.952
1,81.974
1,81.982
1,81.983
1,81.986
1,81.988
1,81.999
1,82.005
1,82.016
1,82.039
1,82.048
1,82.124
1,82.205
1,82.264
1,82.282
1,82.286
1,82.343
1,82.422
1,82.461
1,82.487
1,82.491
1,82.529
1,82.533
1,82.556
1,82.568
1,82.571
1,82.581
1,82.585
1,82.604
1,82.634
1,82.653
1,82.654
1,82.69
1,82.72
1,82.723
1,82.733
1,82.752
1,82.759
1,82.763
1,82.789
1,82.79
1,82.799
1,82.815
1,82.856
1,82.909
1,82.98
1,83.053
1,83.057
1,83.065
1,83.066
1,83.108
1,83.116
1,83.122
1,83.15
1,83.195
1,83.219
1,83.226
1,83.255
1,83.277
1,83.321
1,83.326
1,83.335
1,83.341
1,83.345
1,83.412
1,83.413
1,83.456
1,83.461
1,83.469
1,83.481
1,83.49
1,83.497
1,83.529
1,83.573
1,83.574
1,83.594
1,83.61
1,83.646
1,83.689
1,83.697
1,83.706
1,83.712
1,83.724
1,83.73
1,83.741
1,83.809
1,83.831
1,83.856
1,83.872
1,83.883
1,83.891
1,83.897
1,83.902
1,83.905
1,83.914
1,83.942
1,83.95
1,83.953
1,83.953
1,83.957
1,83.973
1,83.976
1,83.979
1,83.985
1,83.99
1,83.991
1,84.001
1,84.001
1,84.009
1,84.014
1,84.015
1,84.017
1,84.017
1,84.032
1,84.05
1,84.054
1,84.058
1,84.064
1,84.069
1,84.084
1,84.1
1,84.103
1,84.133
1,84.138
1,84.141
1,84.157
1,84.159
1,84.164
1,84.186
1,84.186
1,84.212
1,84.22
1,84.224
1,84.269
1,84.27
1,84.273
1,84.283
1,84.303
1,84.373
1,84.437
1,84.461
1,84.462
1,84.496
1,84.518
1,84.525
1,84.558
1,84.56
1,84.562
1,84.57
1,84.59
1,84.595
1,84.606
1,84.615
1,84.619
1,84.623
1,84.63
1,84.631
1,84.639
1,84.64
1,84.655
1,84.655
1,84.672
1,84.676
1,84.679
1,84.682
1,84.688
1,84.69
1,84.694
1,84.72
1,84.736
1,84.737
1,84.751
1,84.758
1,84.769
1,84.789
1,84.791
1,84.797
1,84.81
1,84.818
1,84.821
1,84.825
1,84.826
1,84.851
1,84.853
1,84.87
1,84.871
1,84.881
1,84.894
1,84.895
1,84.895
1,84.907
1,84.913
1,84.922
1,84.926
1,84.949
1,84.951
1,84.955
1,84.956
1,84.96
1,84.969
1,84.971
1,84.973
1,84.977
1,84.978
1,84.983
1,84.99
1,84.992
1,84.994
1,84.994
1,84.998
1,85
1,85.003
1,85.003
1,85.005
1,85.006
1,85.006
1,85.006
1,85.006
1,85.008
1,85.009
1,85.01
1,85.012
1,85.015
1,85.024
1,85.029
1,85.03
1,85.039
1,85.043
1,85.047
1,85.055
1,85.06
1,85.061
1,85.068
1,85.073
1,85.078
1,85.083
1,85.085
1,85.103
1,85.112
1,85.118
1,85.131
1,85.138
1,85.141
1,85.155
1,85.157
1,85.159
1,85.163
1,85.175
1,85.184
1,85.187
1,85.193
1,85.195
1,85.199
1,85.2
1,85.207
1,85.209
1,85.216
1,85.216
1,85.239
1,85.261
1,85.263
1,85.268
1,85.282
1,85.291
1,85.311
1,85.312
1,85.316
1,85.316
1,85.318
1,85.319
1,85.319
1,85.321
1,85.322
1,85.322
1,85.325
1,85.326
1,85.326
1,85.33
1,85.331
1,85.332
1,85.347
1,85.348
1,85.351
1,85.356
1,85.366
1,85.375
1,85.391
1,85.399
1,85.401
1,85.435
1,85.453
1,85.466
1,85.472
1,85.493
1,85.506
1,85.508
1,85.515
1,85.515
1,85.538
1,85.541
1,85.548
1,85.551
1,85.558
1,85.56
1,85.56
1,85.56
1,85.563
1,85.599
1,85.599
1,85.621
1,85.652
1,85.677
1,85.691
1,85.7
1,85.714
1,85.731
1,85.744
1,85.746
1,85.762
1,85.765
1,85.771
1,85.772
1,85.774
1,85.776
1,85.787
1,85.794
1,85.804
1,85.807
1,85.811
1,85.816
1,85.82
1,85.855
1,85.865
1,85.875
1,85.878
1,85.897
1,85.915
1,85.94
1,85.949
1,85.952
1,85.958
1,85.96
1,85.962
1,85.964
1,85.973
1,85.976
1,85.979
1,85.981
1,85.981
1,85.988
1,85.989
1,85.989
1,85.992
1,85.994
1,85.999
1,86
1,86.005
1,86.005
1,86.006
1,86.007
1,86.01
1,86.012
1,86.051
1,86.056
1,86.06
1,86.061
1,86.064
1,86.066
1,86.09
1,86.091
1,86.091
1,86.092
1,86.096
1,86.104
1,86.113
1,86.128
1,86.141
1,86.142
1,86.155
1,86.162
1,86.164
1,86.172
1,86.175
1,86.186
1,86.197
1,86.199
1,86.201
1,86.205
1,86.249
1,86.278
1,86.28
1,86.296
1,86.308
1,86.313
1,86.321
1,86.353
1,86.366
1,86.39
1,86.409
1,86.429
1,86.435
1,86.441
1,86.442
1,86.446
1,86.459
1,86.463
1,86.464
1,86.475
1,86.481
1,86.499
1,86.5
1,86.505
1,86.51
1,86.535
1,86.536
1,86.55
1,86.561
1,86.571
1,86.589
1,86.595
1,86.612
1,86.62
1,86.624
1,86.631
1,86.633
1,86.643
1,86.658
1,86.658
1,86.664
1,86.665
1,86.666
1,86.666
1,86.668
1,86.675
1,86.679
1,86.684
1,86.686
1,86.689
1,86.693
1,86.693
1,86.702
1,86.708
1,86.71
1,86.719
1,86.721
1,86.727
1,86.743
1,86.752
1,86.761
1,86.762
1,86.765
1,86.778
1,86.794
1,86.8
1,86.805
1,86.813
1,86.819
1,86.819
1,86.82
1,86.826
1,86.833
1,86.844
1,86.901
1,86.902
1,86.903
1,86.918
1,86.928
1,86.938
1,86.949
1,86.958
1,86.96
1,86.961
1,86.964
1,86.967
1,86.971
1,86.979
1,86.981
1,86.991
1,86.992
1,86.992
1,86.994
1,86.997
1,86.999
1,87.001
1,87.003
1,87.003
1,87.005
1,87.006
1,87.006
1,87.009
1,87.013
1,87.029
1,87.03
1,87.033
1,87.038
1,87.044
1,87.054
1,87.056
1,87.062
1,87.097
1,87.099
1,87.102
1,87.106
1,87.122
1,87.136
1,87.146
1,87.153
1,87.192
1,87.231
1,87.279
1,87.279
1,87.294
1,87.321
1,87.326
1,87.327
1,87.337
1,87.351
1,87.365
1,87.373
1,87.392
1,87.406
1,87.447
1,87.453
1,87.46
1,87.461
1,87.461
1,87.467
1,87.468
1,87.485
1,87.495
1,87.507
1,87.512
1,87.522
1,87.525
1,87.527
1,87.533
1,87.539
1,87.553
1,87.557
1,87.559
1,87.572
1,87.581
1,87.599
1,87.61
1,87.618
1,87.618
1,87.63
1,87.634
1,87.635
1,87.636
1,87.643
1,87.644
1,87.653
1,87.657
1,87.669
1,87.679
1,87.679
1,87.697
1,87.702
1,87.712
1,87.714
1,87.716
1,87.735
1,87.735
1,87.747
1,87.758
1,87.76
1,87.76
1,87.779
1,87.784
1,87.785
1,87.797
1,87.799
1,87.806
1,87.844
1,87.848
1,87.853
1,87.858
1,87.871
1,87.872
1,87.882
1,87.895
1,87.897
1,87.899
1,87.899
1,87.899
1,87.94
1,87.953
1,87.955
1,87.965
1,87.965
1,87.967
1,87.976
1,87.982
1,87.99
1,87.992
1,87.995
1,87.999
1,87.999
1,88.001
1,88.002
1,88.008
1,88.011
1,88.012
1,88.014
1,88.015
1,88.015
1,88.018
1,88.02
1,88.02
1,88.023
1,88.024
1,88.025
1,88.04
1,88.043
1,88.05
1,88.053
1,88.064
1,88.072
1,88.096
1,88.109
1,88.12
1,88.12
1,88.127
1,88.132
1,88.137
1,88.138
1,88.154
1,88.176
1,88.183
1,88.201
1,88.24
1,88.264
1,88.282
1,88.301
1,88.304
1,88.313
1,88.314
1,88.329
1,88.336
1,88.341
1,88.343
1,88.344
1,88.355
1,88.384
1,88.384
1,88.4
1,88.446
1,88.457
1,88.464
1,88.47
1,88.471
1,88.471
1,88.479
1,88.489
1,88.489
1,88.49
1,88.505
1,88.508
1,88.521
1,88.537
1,88.55
1,88.566
1,88.57
1,88.576
1,88.578
1,88.58
1,88.618
1,88.627
1,88.644
1,88.648
1,88.662
1,88.675
1,88.678
1,88.73
1,88.74
1,88.745
1,88.746
1,88.753
1,88.761
1,88.765
1,88.772
1,88.794
1,88.796
1,88.808
1,88.835
1,88.841
1,88.843
1,88.858
1,88.861
1,88.874
1,88.878
1,88.887
1,88.889
1,88.897
1,88.908
1,88.915
1,88.928
1,88.935
1,88.942
1,88.947
1,88.947
1,88.95
1,88.967
1,88.973
1,88.973
1,88.98
1,88.984
1,88.985
1,88.991
1,89.001
1,89.008
1,89.013
1,89.015
1,89.019
1,89.021
1,89.026
1,89.042
1,89.063
1,89.077
1,89.091
1,89.093
1,89.095
1,89.102
1,89.102
1,89.13
1,89.145
1,89.148
1,89.157
1,89.158
1,89.168
1,89.201
1,89.21
1,89.219
1,89.236
1,89.296
1,89.3
1,89.311
1,89.32
1,89.335
1,89.342
1,89.345
1,89.346
1,89.347
1,89.385
1,89.394
1,89.456
1,89.465
1,89.467
1,89.478
1,89.481
1,89.483
1,89.485
1,89.495
1,89.518
1,89.572
1,89.593
1,89.607
1,89.607
1,89.625
1,89.638
1,89.658
1,89.665
1,89.667
1,89.67
1,89.672
1,89.675
1,89.676
1,89.689
1,89.696
1,89.709
1,89.71
1,89.726
1,89.737
1,89.78
1,89.79
1,89.803
1,89.818
1,89.848
1,89.86
1,89.865
1,89.867
1,89.868
1,89.871
1,89.88
1,89.881
1,89.89
1,89.896
1,89.898
1,89.912
1,89.919
1,89.92
1,89.921
1,89.922
1,89.923
1,89.924
1,89.925
1,89.927
1,89.933
1,89.941
1,89.949
1,89.954
1,89.957
1,89.958
1,89.965
1,89.966
1,89.966
1,89.972
1,89.975
1,89.977
1,89.977
1,89.978
1,89.98
1,89.981
1,89.984
1,89.984
1,89.984
1,89.99
1,89.992
1,89.995
1,89.995
1,89.995
1,89.996
1,89.997
1,89.998
1,90
1,90
1,90.002
1,90.006
1,90.007
1,90.008
1,90.008
1,90.009
1,90.009
1,90.01
1,90.011
1,90.013
1,90.017
1,90.017
1,90.018
1,90.02
1,90.021
1,90.022
1,90.027
1,90.027
1,90.031
1,90.031
1,90.032
1,90.033
1,90.035
1,90.038
1,90.049
1,90.05
1,90.055
1,90.063
1,90.069
1,90.07
1,90.071
1,90.073
1,90.074
1,90.084
1,90.086
1,90.089
1,90.094
1,90.098
1,90.098
1,90.099
1,90.101
1,90.101
1,90.102
1,90.103
1,90.121
1,90.126
1,90.131
1,90.139
1,90.148
1,90.158
1,90.167
1,90.177
1,90.18
1,90.18
1,90.184
1,90.19
1,90.191
1,90.199
1,90.199
1,90.216
1,90.216
1,90.217
1,90.218
1,90.245
1,90.248
1,90.255
1,90.264
1,90.267
1,90.274
1,90.278
1,90.282
1,90.291
1,90.306
1,90.318
1,90.336
1,90.336
1,90.356
1,90.373
1,90.438
1,90.459
1,90.463
1,90.473
1,90.481
1,90.507
1,90.514
1,90.545
1,90.556
1,90.582
1,90.59
1,90.602
1,90.61
1,90.621
1,90.625
1,90.627
1,90.636
1,90.637
1,90.64
1,90.645
1,90.648
1,90.653
1,90.66
1,90.666
1,90.681
1,90.689
1,90.703
1,90.718
1,90.719
1,90.726
1,90.777
1,90.787
1,90.81
1,90.811
1,90.814
1,90.845
1,90.846
1,90.846
1,90.854
1,90.861
1,90.875
1,90.882
1,90.889
1,90.894
1,90.902
1,90.908
1,90.915
1,90.92
1,90.932
1,90.942
1,90.954
1,90.963
1,90.964
1,90.971
1,90.983
1,90.987
1,90.993
1,90.997
1,90.997
1,90.998
1,91.001
1,91.003
1,91.003
1,91.005
1,91.007
1,91.008
1,91.008
1,91.01
1,91.011
1,91.018
1,91.02
1,91.026
1,91.044
1,91.066
1,91.084
1,91.087
1,91.097
1,91.099
1,91.101
1,91.101
1,91.118
1,91.144
1,91.145
1,91.16
1,91.162
1,91.191
1,91.198
1,91.215
1,91.231
1,91.247
1,91.249
1,91.256
1,91.289
1,91.302
1,91.302
1,91.312
1,91.318
1,91.328
1,91.341
1,91.349
1,91.357
1,91.364
1,91.371
1,91.397
1,91.399
1,91.405
1,91.413
1,91.417
1,91.434
1,91.453
1,91.459
1,91.463
1,91.479
1,91.483
1,91.485
1,91.487
1,91.488
1,91.488
1,91.493
1,91.496
1,91.498
1,91.513
1,91.517
1,91.523
1,91.538
1,91.548
1,91.562
1,91.568
1,91.584
1,91.589
1,91.6
1,91.632
1,91.637
1,91.681
1,91.684
1,91.69
1,91.691
1,91.695
1,91.699
1,91.704
1,91.722
1,91.737
1,91.739
1,91.76
1,91.765
1,91.767
1,91.775
1,91.775
1,91.802
1,91.806
1,91.833
1,91.846
1,91.854
1,91.858
1,91.859
1,91.871
1,91.873
1,91.879
1,91.888
1,91.889
1,91.89
1,91.913
1,91.919
1,91.922
1,91.928
1,91.943
1,91.951
1,91.954
1,91.964
1,91.965
1,91.967
1,91.97
1,91.97
1,91.973
1,91.973
1,91.976
1,91.979
1,91.981
1,91.981
1,91.987
1,91.988
1,91.988
1,91.988
1,91.995
1,91.997
1,91.999
1,92.005
1,92.01
1,92.012
1,92.012
1,92.017
1,92.017
1,92.025
1,92.028
1,92.043
1,92.044
1,92.046
1,92.065
1,92.082
1,92.097
1,92.099
1,92.099
1,92.105
1,92.115
1,92.122
1,92.161
1,92.186
1,92.198
1,92.203
1,92.204
1,92.215
1,92.222
1,92.236
1,92.244
1,92.26
1,92.277
1,92.29
1,92.293
1,92.299
1,92.32
1,92.326
1,92.331
1,92.341
1,92.344
1,92.379
1,92.4
1,92.4
1,92.403
1,92.409
1,92.411
1,92.433
1,92.439
1,92.461
1,92.471
1,92.475
1,92.482
1,92.499
1,92.499
1,92.502
1,92.526
1,92.55
1,92.551
1,92.555
1,92.571
1,92.574
1,92.591
1,92.596
1,92.606
1,92.608
1,92.643
1,92.643
1,92.643
1,92.645
1,92.649
1,92.656
1,92.672
1,92.68
1,92.685
1,92.686
1,92.699
1,92.729
1,92.731
1,92.742
1,92.755
1,92.76
1,92.761
1,92.783
1,92.785
1,92.8
1,92.851
1,92.87
1,92.872
1,92.881
1,92.884
1,92.897
1,92.905
1,92.911
1,92.922
1,92.924
1,92.927
1,92.932
1,92.938
1,92.957
1,92.962
1,92.966
1,92.969
1,92.971
1,92.972
1,92.974
1,92.975
1,92.979
1,92.98
1,92.998
1,93
1,93.001
1,93.001
1,93.003
1,93.008
1,93.011
1,93.015
1,93.017
1,93.021
1,93.022
1,93.029
1,93.03
1,93.03
1,93.033
1,93.033
1,93.037
1,93.041
1,93.044
1,93.056
1,93.061
1,93.065
1,93.068
1,93.08
1,93.104
1,93.105
1,93.106
1,93.119
1,93.156
1,93.161
1,93.162
1,93.174
1,93.203
1,93.22
1,93.225
1,93.235
1,93.238
1,93.259
1,93.265
1,93.283
1,93.292
1,93.298
1,93.301
1,93.312
1,93.315
1,93.317
1,93.32
1,93.325
1,93.328
1,93.328
1,93.33
1,93.331
1,93.346
1,93.352
1,93.355
1,93.366
1,93.368
1,93.373
1,93.376
1,93.382
1,93.394
1,93.395
1,93.408
1,93.412
1,93.413
1,93.417
1,93.42
1,93.425
1,93.443
1,93.458
1,93.502
1,93.502
1,93.507
1,93.513
1,93.532
1,93.542
1,93.553
1,93.594
1,93.618
1,93.633
1,93.657
1,93.658
1,93.703
1,93.707
1,93.715
1,93.716
1,93.72
1,93.728
1,93.734
1,93.749
1,93.753
1,93.77
1,93.773
1,93.773
1,93.778
1,93.779
1,93.785
1,93.847
1,93.848
1,93.856
1,93.859
1,93.871
1,93.908
1,93.909
1,93.924
1,93.925
1,93.937
1,93.95
1,93.951
1,93.957
1,93.961
1,93.975
1,93.975
1,93.976
1,93.976
1,93.978
1,93.978
1,93.982
1,93.982
1,93.986
1,93.988
1,93.99
1,93.991
1,94
1,94.005
1,94.007
1,94.009
1,94.012
1,94.031
1,94.055
1,94.057
1,94.064
1,94.069
1,94.072
1,94.073
1,94.08
1,94.082
1,94.084
1,94.085
1,94.1
1,94.105
1,94.146
1,94.146
1,94.15
1,94.161
1,94.18
1,94.223
1,94.234
1,94.234
1,94.257
1,94.276
1,94.281
1,94.301
1,94.303
1,94.304
1,94.31
1,94.315
1,94.318
1,94.335
1,94.351
1,94.378
1,94.393
1,94.401
1,94.423
1,94.48
1,94.495
1,94.499
1,94.501
1,94.513
1,94.513
1,94.535
1,94.543
1,94.547
1,94.552
1,94.554
1,94.557
1,94.57
1,94.617
1,94.624
1,94.648
1,94.653
1,94.658
1,94.672
1,94.681
1,94.705
1,94.709
1,94.72
1,94.721
1,94.73
1,94.753
1,94.754
1,94.771
1,94.776
1,94.777
1,94.804
1,94.807
1,94.815
1,94.819
1,94.838
1,94.843
1,94.849
1,94.853
1,94.854
1,94.888
1,94.895
1,94.895
1,94.898
1,94.904
1,94.905
1,94.916
1,94.918
1,94.921
1,94.937
1,94.937
1,94.938
1,94.939
1,94.958
1,94.961
1,94.971
1,94.977
1,94.978
1,94.986
1,94.987
1,94.992
1,94.993
1,94.994
1,94.996
1,94.997
1,94.998
1,95.002
1,95.021
1,95.026
1,95.035
1,95.035
1,95.036
1,95.039
1,95.044
1,95.046
1,95.051
1,95.061
1,95.066
1,95.068
1,95.072
1,95.073
1,95.074
1,95.075
1,95.098
1,95.103
1,95.11
1,95.111
1,95.13
1,95.136
1,95.138
1,95.138
1,95.147
1,95.179
1,95.192
1,95.225
1,95.227
1,95.229
1,95.234
1,95.243
1,95.254
1,95.264
1,95.264
1,95.278
1,95.285
1,95.298
1,95.301
1,95.315
1,95.32
1,95.321
1,95.33
1,95.37
1,95.381
1,95.385
1,95.386
1,95.389
1,95.415
1,95.425
1,95.426
1,95.434
1,95.464
1,95.465
1,95.466
1,95.469
1,95.471
1,95.48
1,95.502
1,95.503
1,95.508
1,95.514
1,95.523
1,95.543
1,95.56
1,95.571
1,95.572
1,95.575
1,95.576
1,95.578
1,95.585
1,95.596
1,95.599
1,95.611
1,95.611
1,95.619
1,95.633
1,95.643
1,95.648
1,95.655
1,95.655
1,95.655
1,95.666
1,95.673
1,95.677
1,95.684
1,95.697
1,95.7
1,95.735
1,95.736
1,95.738
1,95.752
1,95.761
1,95.777
1,95.779
1,95.781
1,95.787
1,95.816
1,95.836
1,95.861
1,95.863
1,95.866
1,95.869
1,95.87
1,95.871
1,95.88
1,95.882
1,95.882
1,95.889
1,95.924
1,95.929
1,95.932
1,95.938
1,95.948
1,95.95
1,95.953
1,95.954
1,95.957
1,95.962
1,95.971
1,95.972
1,95.973
1,95.981
1,95.981
1,95.984
1,95.985
1,95.986
1,95.988
1,95.991
1,95.991
1,95.993
1,95.995
1,95.995
1,95.997
1,95.997
1,95.998
1,96
1,96.001
1,96.002
1,96.002
1,96.002
1,96.002
1,96.004
1,96.005
1,96.005
1,96.006
1,96.007
1,96.007
1,96.007
1,96.007
1,96.019
1,96.02
1,96.02
1,96.02
1,96.024
1,96.024
1,96.024
1,96.027
1,96.028
1,96.031
1,96.037
1,96.037
1,96.042
1,96.043
1,96.043
1,96.047
1,96.049
1,96.052
1,96.054
1,96.057
1,96.058
1,96.058
1,96.064
1,96.064
1,96.068
1,96.071
1,96.082
1,96.087
1,96.091
1,96.093
1,96.096
1,96.107
1,96.112
1,96.123
1,96.127
1,96.136
1,96.154
1,96.17
1,96.171
1,96.171
1,96.177
1,96.179
1,96.2
1,96.212
1,96.22
1,96.224
1,96.236
1,96.243
1,96.261
1,96.264
1,96.287
1,96.311
1,96.364
1,96.366
1,96.384
1,96.411
1,96.447
1,96.474
1,96.521
1,96.528
1,96.534
1,96.57
1,96.591
1,96.596
1,96.598
1,96.616
1,96.617
1,96.621
1,96.622
1,96.627
1,96.645
1,96.679
1,96.683
1,96.686
1,96.695
1,96.7
1,96.703
1,96.708
1,96.709
1,96.711
1,96.714
1,96.716
1,96.716
1,96.731
1,96.732
1,96.737
1,96.775
1,96.779
1,96.782
1,96.801
1,96.804
1,96.848
1,96.859
1,96.859
1,96.874
1,96.875
1,96.904
1,96.911
1,96.931
1,96.941
1,96.952
1,96.962
1,96.967
1,96.972
1,96.978
1,96.979
1,96.98
1,96.982
1,96.989
1,97.001
1,97.003
1,97.004
1,97.007
1,97.014
1,97.015
1,97.015
1,97.02
1,97.022
1,97.03
1,97.03
1,97.035
1,97.036
1,97.039
1,97.045
1,97.054
1,97.065
1,97.067
1,97.073
1,97.075
1,97.08
1,97.099
1,97.103
1,97.103
1,97.115
1,97.143
1,97.147
1,97.148
1,97.151
1,97.169
1,97.233
1,97.243
1,97.243
1,97.265
1,97.284
1,97.289
1,97.292
1,97.302
1,97.325
1,97.337
1,97.34
1,97.341
1,97.342
1,97.342
1,97.343
1,97.362
1,97.395
1,97.396
1,97.431
1,97.433
1,97.454
1,97.487
1,97.497
1,97.497
1,97.519
1,97.52
1,97.521
1,97.536
1,97.538
1,97.544
1,97.546
1,97.571
1,97.594
1,97.619
1,97.643
1,97.649
1,97.667
1,97.671
1,97.672
1,97.683
1,97.687
1,97.691
1,97.701
1,97.748
1,97.754
1,97.76
1,97.761
1,97.786
1,97.79
1,97.802
1,97.812
1,97.817
1,97.845
1,97.849
1,97.865
1,97.874
1,97.875
1,97.882
1,97.916
1,97.955
1,97.958
1,97.959
1,97.969
1,97.972
1,97.976
1,97.977
1,97.979
1,97.98
1,97.981
1,97.982
1,97.982
1,97.986
1,97.994
1,97.995
1,97.997
1,97.997
1,97.997
1,97.999
1,98
1,98.001
1,98.001
1,98.008
1,98.01
1,98.011
1,98.015
1,98.018
1,98.028
1,98.032
1,98.037
1,98.063
1,98.063
1,98.07
1,98.071
1,98.072
1,98.077
1,98.082
1,98.085
1,98.087
1,98.096
1,98.11
1,98.117
1,98.128
1,98.151
1,98.173
1,98.173
1,98.176
1,98.18
1,98.185
1,98.241
1,98.246
1,98.254
1,98.259
1,98.293
1,98.299
1,98.355
1,98.377
1,98.377
1,98.388
1,98.401
1,98.401
1,98.406
1,98.428
1,98.431
1,98.436
1,98.442
1,98.442
1,98.453
1,98.465
1,98.467
1,98.485
1,98.49
1,98.501
1,98.501
1,98.501
1,98.507
1,98.508
1,98.509
1,98.513
1,98.528
1,98.533
1,98.563
1,98.612
1,98.623
1,98.623
1,98.638
1,98.645
1,98.663
1,98.663
1,98.679
1,98.681
1,98.705
1,98.713
1,98.718
1,98.733
1,98.739
1,98.752
1,98.763
1,98.763
1,98.784
1,98.8
1,98.823
1,98.824
1,98.824
1,98.859
1,98.9
1,98.927
1,98.929
1,98.937
1,98.974
1,98.983
1,98.987
1,98.988
1,98.991
1,98.998
1,98.998
1,99.003
1,99.006
1,99.015
1,99.024
1,99.024
1,99.058
1,99.059
1,99.076
1,99.077
1,99.093
1,99.095
1,99.106
1,99.109
1,99.113
1,99.124
1,99.133
1,99.139
1,99.141
1,99.144
1,99.21
1,99.214
1,99.219
1,99.237
1,99.238
1,99.273
1,99.309
1,99.312
1,99.334
1,99.348
1,99.352
1,99.36
1,99.374
1,99.379
1,99.381
1,99.397
1,99.408
1,99.435
1,99.463
1,99.487
1,99.487
1,99.492
1,99.494
1,99.546
1,99.547
1,99.551
1,99.556
1,99.565
1,99.566
1,99.572
1,99.587
1,99.593
1,99.6
1,99.605
1,99.611
1,99.612
1,99.619
1,99.644
1,99.644
1,99.654
1,99.66
1,99.68
1,99.694
1,99.701
1,99.742
1,99.75
1,99.752
1,99.761
1,99.777
1,99.784
1,99.805
1,99.809
1,99.809
1,99.81
1,99.829
1,99.831
1,99.839
1,99.863
1,99.87
1,99.882
1,99.886
1,99.894
1,99.901
1,99.909
1,99.914
1,99.914
1,99.933
1,99.946
1,99.948
1,99.955
1,99.958
1,99.959
1,99.959
1,99.961
1,99.963
1,99.968
1,99.968
1,99.973
1,99.977
1,99.978
1,99.98
1,99.981
1,99.982
1,99.984
1,99.985
1,99.987
1,99.989
1,99.99
1,99.993
1,99.994
1,99.995
1,99.995
1,99.995
1,99.995
1,99.996
1,99.997
1,99.998
1,100
1,100.002
1,100.003
1,100.005
1,100.005
1,100.006
1,100.006
1,100.008
1,100.008
1,100.009
1,100.009
1,100.009
1,100.01
1,100.011
1,100.012
1,100.013
1,100.013
1,100.013
1,100.016
1,100.017
1,100.018
1,100.019
1,100.02
1,100.022
1,100.022
1,100.023
1,100.026
1,100.029
1,100.029
1,100.03
1,100.032
1,100.032
1,100.032
1,100.034
1,100.034
1,100.042
1,100.042
1,100.043
1,100.046
1,100.048
1,100.05
1,100.051
1,100.058
1,100.059
1,100.06
1,100.07
1,100.071
1,100.073
1,100.075
1,100.078
1,100.078
1,100.079
1,100.08
1,100.081
1,100.081
1,100.088
1,100.091
1,100.095
1,100.119
1,100.135
1,100.138
1,100.145
1,100.146
1,100.148
1,100.15
1,100.16
1,100.168
1,100.171
1,100.173
1,100.173
1,100.175
1,100.191
1,100.194
1,100.198
1,100.209
1,100.229
1,100.232
1,100.244
1,100.252
1,100.266
1,100.275
1,100.278
1,100.288
1,100.295
1,100.296
1,100.312
1,100.317
1,100.327
1,100.329
1,100.329
1,100.331
1,100.332
1,100.339
1,100.341
1,100.341
1,100.342
1,100.349
1,100.353
1,100.364
1,100.366
1,100.382
1,100.394
1,100.398
1,100.399
1,100.404
1,100.415
1,100.415
1,100.422
1,100.44
1,100.441
1,100.451
1,100.455
1,100.482
1,100.483
1,100.518
1,100.53
1,100.532
1,100.552
1,100.567
1,100.573
1,100.604
1,100.612
1,100.618
1,100.621
1,100.648
1,100.648
1,100.649
1,100.65
1,100.68
1,100.694
1,100.705
1,100.72
1,100.76
1,100.771
1,100.783
1,100.788
1,100.795
1,100.799
1,100.811
1,100.82
1,100.82
1,100.831
1,100.848
1,100.855
1,100.862
1,100.868
1,100.869
1,100.881
1,100.89
1,100.893
1,100.893
1,100.917
1,100.919
1,100.922
1,100.928
1,100.929
1,100.929
1,100.932
1,100.969
1,100.98
1,101.004
1,101.006
1,101.01
1,101.013
1,101.015
1,101.029
1,101.03
1,101.04
1,101.044
1,101.05
1,101.059
1,101.073
1,101.074
1,101.076
1,101.08
1,101.106
1,101.111
1,101.121
1,101.13
1,101.131
1,101.139
1,101.143
1,101.163
1,101.166
1,101.167
1,101.172
1,101.195
1,101.214
1,101.229
1,101.235
1,101.241
1,101.241
1,101.272
1,101.276
1,101.29
1,101.295
1,101.303
1,101.306
1,101.307
1,101.308
1,101.308
1,101.311
1,101.324
1,101.327
1,101.335
1,101.341
1,101.345
1,101.348
1,101.37
1,101.37
1,101.375
1,101.409
1,101.41
1,101.421
1,101.43
1,101.43
1,101.438
1,101.439
1,101.455
1,101.458
1,101.469
1,101.471
1,101.485
1,101.485
1,101.492
1,101.526
1,101.527
1,101.529
1,101.544
1,101.577
1,101.621
1,101.624
1,101.626
1,101.636
1,101.66
1,101.662
1,101.663
1,101.664
1,101.672
1,101.676
1,101.684
1,101.694
1,101.713
1,101.742
1,101.767
1,101.77
1,101.772
1,101.773
1,101.779
1,101.786
1,101.799
1,101.809
1,101.814
1,101.831
1,101.849
1,101.854
1,101.863
1,101.867
1,101.868
1,101.87
1,101.871
1,101.883
1,101.897
1,101.901
1,101.905
1,101.905
1,101.905
1,101.913
1,101.914
1,101.918
1,101.923
1,101.926
1,101.943
1,101.947
1,101.954
1,101.954
1,101.962
1,101.967
1,101.971
1,101.972
1,101.976
1,101.988
1,101.99
1,101.994
1,101.997
1,101.998
1,102.006
1,102.008
1,102.009
1,102.015
1,102.02
1,102.034
1,102.04
1,102.04
1,102.043
1,102.055
1,102.055
1,102.066
1,102.072
1,102.093
1,102.117
1,102.126
1,102.129
1,102.134
1,102.143
1,102.151
1,102.155
1,102.16
1,102.164
1,102.164
1,102.165
1,102.176
1,102.248
1,102.259
1,102.308
1,102.328
1,102.347
1,102.366
1,102.374
1,102.392
1,102.394
1,102.399
1,102.399
1,102.399
1,102.402
1,102.408
1,102.428
1,102.429
1,102.473
1,102.516
1,102.533
1,102.534
1,102.538
1,102.572
1,102.581
1,102.605
1,102.606
1,102.637
1,102.643
1,102.649
1,102.662
1,102.677
1,102.682
1,102.707
1,102.724
1,102.731
1,102.739
1,102.739
1,102.739
1,102.745
1,102.756
1,102.769
1,102.77
1,102.785
1,102.828
1,102.829
1,102.841
1,102.846
1,102.881
1,102.889
1,102.889
1,102.91
1,102.922
1,102.949
1,102.95
1,102.967
1,102.976
1,102.976
1,102.984
1,102.99
1,102.99
1,103.003
1,103.005
1,103.009
1,103.014
1,103.015
1,103.02
1,103.022
1,103.027
1,103.046
1,103.047
1,103.053
1,103.054
1,103.063
1,103.064
1,103.068
1,103.077
1,103.088
1,103.12
1,103.129
1,103.14
1,103.142
1,103.145
1,103.166
1,103.172
1,103.177
1,103.189
1,103.198
1,103.206
1,103.218
1,103.225
1,103.244
1,103.258
1,103.27
1,103.277
1,103.28
1,103.29
1,103.3
1,103.301
1,103.302
1,103.327
1,103.341
1,103.342
1,103.377
1,103.377
1,103.387
1,103.414
1,103.427
1,103.431
1,103.432
1,103.433
1,103.465
1,103.465
1,103.47
1,103.476
1,103.532
1,103.54
1,103.541
1,103.546
1,103.548
1,103.562
1,103.579
1,103.584
1,103.596
1,103.621
1,103.623
1,103.634
1,103.637
1,103.647
1,103.652
1,103.666
1,103.682
1,103.69
1,103.694
1,103.713
1,103.719
1,103.731
1,103.755
1,103.77
1,103.77
1,103.776
1,103.8
1,103.801
1,103.807
1,103.829
1,103.832
1,103.859
1,103.863
1,103.886
1,103.916
1,103.928
1,103.929
1,103.931
1,103.936
1,103.948
1,103.952
1,103.967
1,103.971
1,103.976
1,103.979
1,103.982
1,103.984
1,103.991
1,103.995
1,103.995
1,103.995
1,103.997
1,103.997
1,104
1,104
1,104
1,104.001
1,104.006
1,104.01
1,104.013
1,104.02
1,104.02
1,104.031
1,104.035
1,104.036
1,104.038
1,104.039
1,104.04
1,104.048
1,104.055
1,104.064
1,104.068
1,104.08
1,104.091
1,104.098
1,104.101
1,104.115
1,104.12
1,104.123
1,104.128
1,104.131
1,104.153
1,104.171
1,104.186
1,104.19
1,104.195
1,104.204
1,104.208
1,104.231
1,104.231
1,104.237
1,104.25
1,104.259
1,104.263
1,104.272
1,104.284
1,104.284
1,104.289
1,104.296
1,104.307
1,104.32
1,104.321
1,104.323
1,104.346
1,104.357
1,104.358
1,104.387
1,104.394
1,104.416
1,104.448
1,104.458
1,104.465
1,104.469
1,104.475
1,104.487
1,104.492
1,104.494
1,104.503
1,104.52
1,104.521
1,104.521
1,104.53
1,104.556
1,104.56
1,104.57
1,104.579
1,104.587
1,104.618
1,104.618
1,104.624
1,104.666
1,104.667
1,104.67
1,104.692
1,104.705
1,104.709
1,104.71
1,104.717
1,104.72
1,104.752
1,104.775
1,104.775
1,104.783
1,104.79
1,104.793
1,104.795
1,104.796
1,104.796
1,104.799
1,104.801
1,104.803
1,104.805
1,104.819
1,104.821
1,104.823
1,104.856
1,104.928
1,104.939
1,104.943
1,104.972
1,104.978
1,104.98
1,104.98
1,104.981
1,104.984
1,104.986
1,104.988
1,104.988
1,104.989
1,104.989
1,104.99
1,104.993
1,104.994
1,105.003
1,105.004
1,105.006
1,105.01
1,105.019
1,105.02
1,105.025
1,105.026
1,105.027
1,105.037
1,105.044
1,105.045
1,105.046
1,105.05
1,105.06
1,105.061
1,105.062
1,105.069
1,105.085
1,105.095
1,105.096
1,105.101
1,105.115
1,105.129
1,105.13
1,105.131
1,105.142
1,105.156
1,105.157
1,105.157
1,105.169
1,105.181
1,105.196
1,105.201
1,105.202
1,105.206
1,105.207
1,105.21
1,105.217
1,105.218
1,105.24
1,105.261
1,105.268
1,105.288
1,105.29
1,105.291
1,105.294
1,105.314
1,105.324
1,105.36
1,105.361
1,105.364
1,105.393
1,105.395
1,105.395
1,105.434
1,105.445
1,105.453
1,105.459
1,105.461
1,105.468
1,105.486
1,105.498
1,105.498
1,105.509
1,105.532
1,105.535
1,105.539
1,105.54
1,105.552
1,105.641
1,105.653
1,105.671
1,105.675
1,105.715
1,105.72
1,105.732
1,105.75
1,105.775
1,105.78
1,105.804
1,105.813
1,105.826
1,105.832
1,105.834
1,105.837
1,105.85
1,105.852
1,105.863
1,105.882
1,105.902
1,105.919
1,105.927
1,105.931
1,105.937
1,105.948
1,105.95
1,105.958
1,105.966
1,105.976
1,105.98
1,105.981
1,105.982
1,105.985
1,105.99
1,105.991
1,105.994
1,105.994
1,105.994
1,105.994
1,105.995
1,106.002
1,106.002
1,106.009
1,106.01
1,106.01
1,106.012
1,106.019
1,106.023
1,106.028
1,106.035
1,106.049
1,106.065
1,106.07
1,106.073
1,106.083
1,106.117
1,106.127
1,106.136
1,106.14
1,106.145
1,106.153
1,106.187
1,106.216
1,106.218
1,106.219
1,106.221
1,106.229
1,106.237
1,106.269
1,106.298
1,106.307
1,106.317
1,106.324
1,106.328
1,106.328
1,106.33
1,106.343
1,106.361
1,106.398
1,106.407
1,106.41
1,106.413
1,106.435
1,106.435
1,106.438
1,106.438
1,106.446
1,106.449
1,106.479
1,106.492
1,106.499
1,106.504
1,106.507
1,106.515
1,106.519
1,106.525
1,106.534
1,106.542
1,106.545
1,106.549
1,106.552
1,106.565
1,106.575
1,106.58
1,106.633
1,106.637
1,106.644
1,106.658
1,106.659
1,106.662
1,106.671
1,106.68
1,106.681
1,106.683
1,106.687
1,106.689
1,106.689
1,106.698
1,106.719
1,106.724
1,106.742
1,106.756
1,106.769
1,106.769
1,106.783
1,106.798
1,106.798
1,106.802
1,106.821
1,106.822
1,106.825
1,106.836
1,106.847
1,106.854
1,106.865
1,106.879
1,106.895
1,106.896
1,106.919
1,106.925
1,106.927
1,106.932
1,106.936
1,106.941
1,106.953
1,106.955
1,106.961
1,106.963
1,106.964
1,106.967
1,106.98
1,106.998
1,107.002
1,107.005
1,107.008
1,107.011
1,107.016
1,107.021
1,107.022
1,107.023
1,107.042
1,107.053
1,107.053
1,107.054
1,107.073
1,107.081
1,107.083
1,107.087
1,107.177
1,107.183
1,107.185
1,107.197
1,107.199
1,107.201
1,107.233
1,107.245
1,107.288
1,107.302
1,107.303
1,107.32
1,107.329
1,107.329
1,107.368
1,107.371
1,107.373
1,107.386
1,107.398
1,107.405
1,107.411
1,107.412
1,107.433
1,107.447
1,107.452
1,107.455
1,107.458
1,107.466
1,107.469
1,107.485
1,107.529
1,107.531
1,107.536
1,107.537
1,107.542
1,107.55
1,107.55
1,107.584
1,107.592
1,107.593
1,107.597
1,107.597
1,107.601
1,107.606
1,107.657
1,107.662
1,107.669
1,107.669
1,107.675
1,107.684
1,107.709
1,107.711
1,107.718
1,107.728
1,107.741
1,107.769
1,107.778
1,107.779
1,107.829
1,107.836
1,107.845
1,107.848
1,107.877
1,107.886
1,107.892
1,107.905
1,107.905
1,107.922
1,107.927
1,107.93
1,107.932
1,107.936
1,107.944
1,107.957
1,107.961
1,107.961
1,107.963
1,107.965
1,107.965
1,107.969
1,107.969
1,107.983
1,107.983
1,107.986
1,107.998
1,108.009
1,108.011
1,108.013
1,108.013
1,108.014
1,108.018
1,108.023
1,108.024
1,108.039
1,108.04
1,108.047
1,108.049
1,108.054
1,108.061
1,108.069
1,108.069
1,108.103
1,108.105
1,108.11
1,108.128
1,108.153
1,108.162
1,108.176
1,108.188
1,108.199
1,108.234
1,108.24
1,108.241
1,108.248
1,108.251
1,108.252
1,108.264
1,108.279
1,108.283
1,108.292
1,108.301
1,108.333
1,108.351
1,108.367
1,108.377
1,108.407
1,108.417
1,108.445
1,108.462
1,108.489
1,108.496
1,108.498
1,108.499
1,108.504
1,108.533
1,108.556
1,108.565
1,108.565
1,108.584
1,108.584
1,108.616
1,108.634
1,108.635
1,108.662
1,108.718
1,108.738
1,108.751
1,108.787
1,108.789
1,108.826
1,108.829
1,108.831
1,108.873
1,108.888
1,108.895
1,108.895
1,108.912
1,108.914
1,108.917
1,108.919
1,108.926
1,108.941
1,108.948
1,108.974
1,108.977
1,108.998
1,108.998
1,109.001
1,109.018
1,109.024
1,109.045
1,109.051
1,109.051
1,109.057
1,109.059
1,109.062
1,109.065
1,109.072
1,109.079
1,109.08
1,109.085
1,109.097
1,109.099
1,109.1
1,109.107
1,109.135
1,109.154
1,109.158
1,109.196
1,109.205
1,109.23
1,109.253
1,109.257
1,109.265
1,109.265
1,109.287
1,109.293
1,109.305
1,109.318
1,109.319
1,109.346
1,109.35
1,109.373
1,109.402
1,109.402
1,109.44
1,109.441
1,109.449
1,109.45
1,109.464
1,109.474
1,109.505
1,109.509
1,109.509
1,109.516
1,109.518
1,109.522
1,109.54
1,109.542
1,109.601
1,109.614
1,109.636
1,109.657
1,109.659
1,109.671
1,109.681
1,109.695
1,109.696
1,109.697
1,109.702
1,109.703
1,109.721
1,109.731
1,109.74
1,109.743
1,109.748
1,109.791
1,109.804
1,109.823
1,109.831
1,109.847
1,109.85
1,109.857
1,109.86
1,109.889
1,109.896
1,109.936
1,109.953
1,109.96
1,109.961
1,109.963
1,109.965
1,109.974
1,109.974
1,109.982
1,109.984
1,109.991
1,109.993
1,109.994
1,109.996
1,109.997
1,109.997
1,110
1,110
1,110.002
1,110.005
1,110.007
1,110.007
1,110.009
1,110.013
1,110.016
1,110.016
1,110.018
1,110.032
1,110.034
1,110.04
1,110.043
1,110.044
1,110.048
1,110.056
1,110.058
1,110.058
1,110.06
1,110.061
1,110.064
1,110.065
1,110.071
1,110.076
1,110.078
1,110.096
1,110.096
1,110.1
1,110.1
1,110.1
1,110.106
1,110.107
1,110.123
1,110.133
1,110.134
1,110.14
1,110.153
1,110.156
1,110.161
1,110.167
1,110.167
1,110.167
1,110.168
1,110.17
1,110.177
1,110.178
1,110.182
1,110.189
1,110.19
1,110.198
1,110.209
1,110.218
1,110.226
1,110.232
1,110.235
1,110.255
1,110.28
1,110.3
1,110.301
1,110.323
1,110.326
1,110.361
1,110.382
1,110.385
1,110.411
1,110.43
1,110.441
1,110.444
1,110.459
1,110.462
1,110.464
1,110.47
1,110.487
1,110.494
1,110.499
1,110.5
1,110.507
1,110.509
1,110.551
1,110.57
1,110.576
1,110.579
1,110.589
1,110.595
1,110.598
1,110.599
1,110.603
1,110.631
1,110.644
1,110.647
1,110.651
1,110.666
1,110.674
1,110.691
1,110.695
1,110.706
1,110.709
1,110.742
1,110.745
1,110.76
1,110.768
1,110.768
1,110.771
1,110.787
1,110.791
1,110.828
1,110.837
1,110.873
1,110.875
1,110.879
1,110.889
1,110.897
1,110.909
1,110.924
1,110.925
1,110.933
1,110.933
1,110.972
1,110.975
1,110.98
1,110.993
1,110.994
1,111.004
1,111.004
1,111.004
1,111.006
1,111.01
1,111.011
1,111.016
1,111.032
1,111.034
1,111.039
1,111.042
1,111.043
1,111.046
1,111.063
1,111.071
1,111.079
1,111.104
1,111.116
1,111.12
1,111.122
1,111.125
1,111.127
1,111.132
1,111.152
1,111.153
1,111.191
1,111.199
1,111.201
1,111.214
1,111.217
1,111.223
1,111.239
1,111.253
1,111.261
1,111.266
1,111.267
1,111.28
1,111.315
1,111.316
1,111.319
1,111.321
1,111.379
1,111.408
1,111.417
1,111.418
1,111.422
1,111.428
1,111.442
1,111.459
1,111.465
1,111.492
1,111.493
1,111.504
1,111.504
1,111.506
1,111.518
1,111.523
1,111.532
1,111.537
1,111.541
1,111.542
1,111.549
1,111.555
1,111.562
1,111.577
1,111.629
1,111.643
1,111.661
1,111.663
1,111.67
1,111.682
1,111.716
1,111.722
1,111.727
1,111.743
1,111.755
1,111.756
1,111.787
1,111.802
1,111.81
1,111.824
1,111.829
1,111.834
1,111.852
1,111.856
1,111.865
1,111.868
1,111.874
1,111.901
1,111.903
1,111.903
1,111.915
1,111.915
1,111.924
1,111.927
1,111.936
1,111.942
1,111.943
1,111.944
1,111.946
1,111.95
1,111.953
1,111.958
1,111.959
1,111.959
1,111.963
1,111.985
1,111.989
1,111.995
1,111.997
1,111.997
1,112.006
1,112.006
1,112.015
1,112.016
1,112.032
1,112.051
1,112.053
1,112.06
1,112.063
1,112.067
1,112.071
1,112.081
1,112.09
1,112.097
1,112.109
1,112.144
1,112.149
1,112.152
1,112.176
1,112.181
1,112.192
1,112.194
1,112.213
1,112.222
1,112.238
1,112.248
1,112.258
1,112.277
1,112.281
1,112.289
1,112.292
1,112.313
1,112.328
1,112.35
1,112.352
1,112.361
1,112.398
1,112.4
1,112.421
1,112.427
1,112.442
1,112.445
1,112.47
1,112.48
1,112.486
1,112.519
1,112.522
1,112.549
1,112.566
1,112.613
1,112.625
1,112.629
1,112.68
1,112.681
1,112.706
1,112.717
1,112.719
1,112.734
1,112.752
1,112.767
1,112.77
1,112.78
1,112.781
1,112.787
1,112.795
1,112.838
1,112.864
1,112.88
1,112.884
1,112.896
1,112.897
1,112.903
1,112.911
1,112.915
1,112.918
1,112.93
1,112.958
1,112.961
1,112.962
1,112.964
1,112.965
1,112.991
1,112.995
1,112.998
1,113.01
1,113.031
1,113.034
1,113.058
1,113.063
1,113.069
1,113.082
1,113.09
1,113.092
1,113.096
1,113.097
1,113.11
1,113.131
1,113.141
1,113.142
1,113.151
1,113.156
1,113.198
1,113.204
1,113.268
1,113.277
1,113.282
1,113.287
1,113.293
1,113.312
1,113.326
1,113.359
1,113.361
1,113.373
1,113.384
1,113.386
1,113.397
1,113.41
1,113.431
1,113.445
1,113.447
1,113.471
1,113.485
1,113.487
1,113.515
1,113.52
1,113.534
1,113.552
1,113.557
1,113.557
1,113.569
1,113.571
1,113.608
1,113.636
1,113.643
1,113.677
1,113.689
1,113.726
1,113.746
1,113.761
1,113.781
1,113.799
1,113.812
1,113.837
1,113.838
1,113.846
1,113.86
1,113.862
1,113.863
1,113.866
1,113.874
1,113.894
1,113.93
1,113.957
1,113.966
1,113.968
1,113.978
1,113.992
1,113.995
1,113.998
1,114.011
1,114.013
1,114.017
1,114.024
1,114.027
1,114.028
1,114.037
1,114.041
1,114.045
1,114.047
1,114.057
1,114.061
1,114.066
1,114.072
1,114.083
1,114.088
1,114.093
1,114.116
1,114.127
1,114.135
1,114.168
1,114.169
1,114.177
1,114.179
1,114.209
1,114.216
1,114.241
1,114.255
1,114.268
1,114.272
1,114.276
1,114.303
1,114.313
1,114.318
1,114.325
1,114.346
1,114.375
1,114.378
1,114.382
1,114.39
1,114.407
1,114.495
1,114.512
1,114.528
1,114.535
1,114.546
1,114.589
1,114.594
1,114.595
1,114.597
1,114.61
1,114.638
1,114.638
1,114.648
1,114.681
1,114.72
1,114.73
1,114.752
1,114.754
1,114.758
1,114.786
1,114.805
1,114.831
1,114.832
1,114.888
1,114.895
1,114.902
1,114.915
1,114.929
1,114.934
1,114.95
1,114.954
1,114.959
1,114.962
1,114.971
1,114.983
1,114.993
1,114.995
1,114.998
1,115.005
1,115.007
1,115.007
1,115.014
1,115.018
1,115.02
1,115.021
1,115.024
1,115.029
1,115.033
1,115.049
1,115.061
1,115.066
1,115.072
1,115.079
1,115.079
1,115.082
1,115.09
1,115.091
1,115.106
1,115.115
1,115.124
1,115.126
1,115.139
1,115.185
1,115.196
1,115.212
1,115.221
1,115.231
1,115.236
1,115.254
1,115.258
1,115.262
1,115.277
1,115.304
1,115.307
1,115.319
1,115.365
1,115.37
1,115.371
1,115.38
1,115.386
1,115.404
1,115.405
1,115.407
1,115.418
1,115.42
1,115.434
1,115.449
1,115.449
1,115.45
1,115.476
1,115.487
1,115.498
1,115.508
1,115.514
1,115.521
1,115.533
1,115.584
1,115.586
1,115.591
1,115.606
1,115.606
1,115.616
1,115.62
1,115.633
1,115.642
1,115.656
1,115.671
1,115.686
1,115.692
1,115.717
1,115.737
1,115.745
1,115.75
1,115.756
1,115.756
1,115.763
1,115.771
1,115.781
1,115.798
1,115.823
1,115.848
1,115.861
1,115.862
1,115.862
1,115.863
1,115.879
1,115.887
1,115.906
1,115.906
1,115.919
1,115.931
1,115.933
1,115.934
1,115.937
1,115.938
1,115.938
1,115.949
1,115.954
1,115.979
1,116.005
1,116.009
1,116.01
1,116.012
1,116.024
1,116.024
1,116.032
1,116.032
1,116.034
1,116.036
1,116.04
1,116.04
1,116.043
1,116.044
1,116.045
1,116.052
1,116.055
1,116.064
1,116.064
1,116.075
1,116.081
1,116.083
1,116.086
1,116.087
1,116.096
1,116.099
1,116.11
1,116.122
1,116.123
1,116.125
1,116.137
1,116.139
1,116.169
1,116.171
1,116.181
1,116.195
1,116.195
1,116.228
1,116.239
1,116.243
1,116.257
1,116.259
1,116.279
1,116.282
1,116.298
1,116.318
1,116.338
1,116.36
1,116.411
1,116.423
1,116.432
1,116.438
1,116.446
1,116.461
1,116.473
1,116.484
1,116.486
1,116.49
1,116.49
1,116.512
1,116.517
1,116.521
1,116.539
1,116.587
1,116.596
1,116.618
1,116.621
1,116.625
1,116.629
1,116.638
1,116.646
1,116.664
1,116.673
1,116.682
1,116.683
1,116.714
1,116.716
1,116.721
1,116.729
1,116.729
1,116.764
1,116.784
1,116.795
1,116.805
1,116.806
1,116.815
1,116.819
1,116.823
1,116.828
1,116.829
1,116.837
1,116.862
1,116.866
1,116.878
1,116.896
1,116.897
1,116.903
1,116.915
1,116.933
1,116.949
1,116.949
1,116.957
1,116.975
1,116.984
1,116.992
1,117
1,117.001
1,117.003
1,117.004
1,117.005
1,117.007
1,117.027
1,117.044
1,117.047
1,117.076
1,117.101
1,117.106
1,117.116
1,117.125
1,117.141
1,117.142
1,117.157
1,117.168
1,117.181
1,117.198
1,117.214
1,117.236
1,117.236
1,117.263
1,117.267
1,117.269
1,117.271
1,117.295
1,117.298
1,117.298
1,117.298
1,117.298
1,117.311
1,117.316
1,117.329
1,117.339
1,117.362
1,117.367
1,117.368
1,117.381
1,117.416
1,117.437
1,117.45
1,117.454
1,117.463
1,117.464
1,117.492
1,117.495
1,117.507
1,117.532
1,117.535
1,117.537
1,117.574
1,117.58
1,117.593
1,117.623
1,117.625
1,117.634
1,117.66
1,117.661
1,117.665
1,117.667
1,117.671
1,117.674
1,117.683
1,117.696
1,117.696
1,117.706
1,117.726
1,117.73
1,117.766
1,117.772
1,117.815
1,117.815
1,117.844
1,117.85
1,117.858
1,117.867
1,117.882
1,117.892
1,117.933
1,117.936
1,117.939
1,117.946
1,117.947
1,117.949
1,117.954
1,117.966
1,117.971
1,117.973
1,117.975
1,117.981
1,117.984
1,117.985
1,117.985
1,117.988
1,117.991
1,117.993
1,117.993
1,117.996
1,118.008
1,118.017
1,118.02
1,118.023
1,118.026
1,118.027
1,118.029
1,118.041
1,118.041
1,118.043
1,118.047
1,118.049
1,118.052
1,118.055
1,118.056
1,118.058
1,118.06
1,118.062
1,118.064
1,118.077
1,118.087
1,118.096
1,118.096
1,118.099
1,118.101
1,118.101
1,118.123
1,118.132
1,118.136
1,118.137
1,118.144
1,118.152
1,118.155
1,118.167
1,118.175
1,118.182
1,118.183
1,118.188
1,118.196
1,118.198
1,118.203
1,118.222
1,118.237
1,118.239
1,118.241
1,118.268
1,118.273
1,118.295
1,118.297
1,118.311
1,118.326
1,118.355
1,118.372
1,118.427
1,118.433
1,118.444
1,118.454
1,118.472
1,118.509
1,118.519
1,118.563
1,118.566
1,118.577
1,118.595
1,118.596
1,118.606
1,118.617
1,118.62
1,118.656
1,118.657
1,118.66
1,118.668
1,118.683
1,118.704
1,118.712
1,118.713
1,118.719
1,118.721
1,118.776
1,118.796
1,118.817
1,118.834
1,118.835
1,118.892
1,118.926
1,118.933
1,118.947
1,118.956
1,118.959
1,118.971
1,118.975
1,118.975
1,118.977
1,119.017
1,119.028
1,119.029
1,119.035
1,119.048
1,119.053
1,119.057
1,119.06
1,119.066
1,119.074
1,119.089
1,119.09
1,119.092
1,119.101
1,119.121
1,119.187
1,119.194
1,119.194
1,119.2
1,119.234
1,119.27
1,119.271
1,119.283
1,119.291
1,119.293
1,119.317
1,119.324
1,119.331
1,119.331
1,119.336
1,119.346
1,119.38
1,119.38
1,119.389
1,119.394
1,119.406
1,119.423
1,119.428
1,119.437
1,119.441
1,119.446
1,119.448
1,119.461
1,119.501
1,119.52
1,119.524
1,119.526
1,119.534
1,119.562
1,119.579
1,119.612
1,119.633
1,119.644
1,119.649
1,119.657
1,119.663
1,119.67
1,119.683
1,119.691
1,119.693
1,119.697
1,119.71
1,119.711
1,119.712
1,119.712
1,119.713
1,119.727
1,119.729
1,119.729
1,119.744
1,119.763
1,119.772
1,119.787
1,119.788
1,119.811
1,119.813
1,119.826
1,119.826
1,119.827
1,119.831
1,119.835
1,119.864
1,119.866
1,119.868
1,119.885
1,119.896
1,119.897
1,119.897
1,119.901
1,119.901
1,119.903
1,119.91
1,119.943
1,119.947
1,119.948
1,119.949
1,119.95
1,119.953
1,119.955
1,119.956
1,119.957
1,119.959
1,119.961
1,119.963
1,119.965
1,119.969
1,119.976
1,119.977
1,119.979
1,119.981
1,119.981
1,119.981
1,119.983
1,119.983
1,119.984
1,119.987
1,119.987
1,119.987
1,119.99
1,119.991
1,119.992
1,119.992
1,119.996
1,119.999
1,120
1,120.001
1,120.002
1,120.002
1,120.003
1,120.004
1,120.005
1,120.006
1,120.006
1,120.006
1,120.006
1,120.008
1,120.008
1,120.01
1,120.01
1,120.012
1,120.014
1,120.016
1,120.016
1,120.02
1,120.02
1,120.022
1,120.023
1,120.024
1,120.026
1,120.026
1,120.026
1,120.028
1,120.029
1,120.03
1,120.032
1,120.038
1,120.039
1,120.039
1,120.04
1,120.042
1,120.047
1,120.047
1,120.049
1,120.051
1,120.052
1,120.052
1,120.055
1,120.056
1,120.059
1,120.064
1,120.064
1,120.066
1,120.066
1,120.07
1,120.072
1,120.077
1,120.08
1,120.08
1,120.083
1,120.083
1,120.085
1,120.091
1,120.093
1,120.093
1,120.097
1,120.099
1,120.101
1,120.101
1,120.103
1,120.103
1,120.112
1,120.117
1,120.119
1,120.122
1,120.129
1,120.129
1,120.137
1,120.138
1,120.148
1,120.153
1,120.16
1,120.162
1,120.168
1,120.172
1,120.172
1,120.177
1,120.18
1,120.183
1,120.188
1,120.196
1,120.2
1,120.203
1,120.206
1,120.211
1,120.212
1,120.223
1,120.227
1,120.231
1,120.232
1,120.234
1,120.234
1,120.25
1,120.253
1,120.27
1,120.271
1,120.277
1,120.284
1,120.309
1,120.317
1,120.349
1,120.356
1,120.357
1,120.36
1,120.366
1,120.381
1,120.382
1,120.389
1,120.398
1,120.406
1,120.411
1,120.423
1,120.427
1,120.444
1,120.446
1,120.45
1,120.458
1,120.464
1,120.484
1,120.492
1,120.502
1,120.521
1,120.522
1,120.538
1,120.539
1,120.546
1,120.546
1,120.548
1,120.56
1,120.563
1,120.581
1,120.583
1,120.599
1,120.611
1,120.617
1,120.638
1,120.643
1,120.648
1,120.663
1,120.664
1,120.674
1,120.689
1,120.693
1,120.697
1,120.703
1,120.704
1,120.712
1,120.716
1,120.716
1,120.72
1,120.731
1,120.736
1,120.765
1,120.765
1,120.807
1,120.833
1,120.848
1,120.859
1,120.876
1,120.878
1,120.907
1,120.92
1,120.923
1,120.928
1,120.938
1,120.944
1,120.948
1,120.954
1,120.956
1,120.958
1,120.969
1,120.971
1,120.977
1,120.984
1,120.985
1,120.986
1,120.988
1,121.001
1,121.004
1,121.015
1,121.029
1,121.03
1,121.044
1,121.071
1,121.075
1,121.078
1,121.101
1,121.102
1,121.117
1,121.147
1,121.153
1,121.162
1,121.171
1,121.186
1,121.201
1,121.218
1,121.232
1,121.238
1,121.26
1,121.274
1,121.28
1,121.284
1,121.354
1,121.371
1,121.375
1,121.379
1,121.407
1,121.423
1,121.437
1,121.452
1,121.47
1,121.483
1,121.487
1,121.518
1,121.524
1,121.526
1,121.549
1,121.553
1,121.56
1,121.563
1,121.589
1,121.596
1,121.6
1,121.611
1,121.615
1,121.616
1,121.649
1,121.649
1,121.658
1,121.666
1,121.667
1,121.687
1,121.691
1,121.708
1,121.713
1,121.733
1,121.739
1,121.744
1,121.764
1,121.773
1,121.795
1,121.797
1,121.797
1,121.805
1,121.815
1,121.832
1,121.834
1,121.834
1,121.837
1,121.842
1,121.847
1,121.852
1,121.871
1,121.871
1,121.878
1,121.884
1,121.884
1,121.887
1,121.892
1,121.896
1,121.896
1,121.9
1,121.91
1,121.915
1,121.923
1,121.944
1,121.945
1,121.948
1,121.949
1,121.95
1,121.955
1,121.957
1,121.966
1,121.967
1,121.968
1,121.971
1,121.978
1,121.981
1,121.982
1,121.983
1,121.983
1,121.983
1,121.987
1,121.988
1,121.988
1,121.988
1,121.99
1,121.993
1,121.993
1,121.996
1,122
1,122.002
1,122.002
1,122.004
1,122.006
1,122.015
1,122.015
1,122.019
1,122.022
1,122.023
1,122.025
1,122.026
1,122.03
1,122.038
1,122.041
1,122.061
1,122.072
1,122.077
1,122.089
1,122.093
1,122.1
1,122.113
1,122.125
1,122.13
1,122.148
1,122.152
1,122.155
1,122.161
1,122.166
1,122.166
1,122.174
1,122.174
1,122.18
1,122.186
1,122.189
1,122.22
1,122.233
1,122.236
1,122.243
1,122.267
1,122.291
1,122.298
1,122.341
1,122.348
1,122.358
1,122.376
1,122.403
1,122.405
1,122.414
1,122.421
1,122.423
1,122.425
1,122.428
1,122.47
1,122.483
1,122.484
1,122.488
1,122.495
1,122.503
1,122.507
1,122.511
1,122.524
1,122.546
1,122.546
1,122.548
1,122.565
1,122.623
1,122.624
1,122.645
1,122.651
1,122.653
1,122.678
1,122.691
1,122.693
1,122.701
1,122.709
1,122.732
1,122.754
1,122.757
1,122.761
1,122.773
1,122.774
1,122.786
1,122.789
1,122.798
1,122.799
1,122.811
1,122.826
1,122.829
1,122.831
1,122.832
1,122.838
1,122.838
1,122.842
1,122.843
1,122.852
1,122.858
1,122.865
1,122.875
1,122.886
1,122.887
1,122.887
1,122.895
1,122.9
1,122.91
1,122.91
1,122.924
1,122.926
1,122.934
1,122.939
1,122.94
1,122.954
1,122.956
1,122.965
1,122.967
1,122.968
1,122.976
1,122.984
1,122.985
1,122.988
1,122.99
1,123.003
1,123.004
1,123.004
1,123.006
1,123.007
1,123.007
1,123.013
1,123.015
1,123.018
1,123.026
1,123.028
1,123.033
1,123.044
1,123.049
1,123.085
1,123.087
1,123.094
1,123.111
1,123.142
1,123.149
1,123.157
1,123.182
1,123.204
1,123.245
1,123.249
1,123.26
1,123.261
1,123.278
1,123.29
1,123.293
1,123.294
1,123.295
1,123.335
1,123.352
1,123.36
1,123.381
1,123.382
1,123.401
1,123.415
1,123.437
1,123.438
1,123.448
1,123.452
1,123.472
1,123.474
1,123.491
1,123.522
1,123.531
1,123.545
1,123.586
1,123.633
1,123.635
1,123.657
1,123.669
1,123.69
1,123.695
1,123.696
1,123.709
1,123.713
1,123.745
1,123.755
1,123.759
1,123.765
1,123.768
1,123.784
1,123.788
1,123.795
1,123.797
1,123.81
1,123.816
1,123.825
1,123.829
1,123.836
1,123.847
1,123.852
1,123.861
1,123.869
1,123.871
1,123.881
1,123.891
1,123.924
1,123.943
1,123.944
1,123.96
1,123.965
1,123.975
1,123.976
1,123.978
1,123.984
1,123.992
1,123.993
1,123.994
1,123.997
1,123.998
1,124.001
1,124.004
1,124.006
1,124.008
1,124.009
1,124.01
1,124.013
1,124.014
1,124.015
1,124.019
1,124.021
1,124.022
1,124.023
1,124.024
1,124.025
1,124.028
1,124.031
1,124.037
1,124.04
1,124.04
1,124.043
1,124.043
1,124.05
1,124.05
1,124.056
1,124.057
1,124.059
1,124.062
1,124.063
1,124.066
1,124.073
1,124.075
1,124.078
1,124.086
1,124.086
1,124.088
1,124.089
1,124.094
1,124.104
1,124.113
1,124.122
1,124.129
1,124.136
1,124.144
1,124.15
1,124.152
1,124.175
1,124.177
1,124.184
1,124.186
1,124.193
1,124.194
1,124.218
1,124.22
1,124.228
1,124.237
1,124.237
1,124.246
1,124.253
1,124.255
1,124.283
1,124.285
1,124.285
1,124.291
1,124.293
1,124.311
1,124.325
1,124.332
1,124.335
1,124.335
1,124.343
1,124.346
1,124.369
1,124.391
1,124.393
1,124.394
1,124.409
1,124.429
1,124.439
1,124.448
1,124.471
1,124.479
1,124.481
1,124.487
1,124.494
1,124.505
1,124.508
1,124.513
1,124.517
1,124.519
1,124.521
1,124.534
1,124.534
1,124.553
1,124.556
1,124.562
1,124.577
1,124.595
1,124.604
1,124.614
1,124.616
1,124.648
1,124.656
1,124.67
1,124.693
1,124.709
1,124.714
1,124.726
1,124.734
1,124.734
1,124.748
1,124.75
1,124.754
1,124.759
1,124.766
1,124.771
1,124.788
1,124.794
1,124.798
1,124.826
1,124.842
1,124.845
1,124.858
1,124.872
1,124.877
1,124.883
1,124.887
1,124.893
1,124.894
1,124.906
1,124.915
1,124.916
1,124.942
1,124.968
1,124.969
1,124.969
1,124.973
1,124.976
1,124.981
1,124.984
1,124.985
1,124.985
1,124.986
1,124.988
1,124.988
1,124.989
1,124.992
1,124.993
1,124.995
1,124.995
1,124.996
1,124.996
1,124.997
1,124.998
1,124.998
1,125.003
1,125.005
1,125.006
1,125.007
1,125.008
1,125.008
1,125.009
1,125.012
1,125.013
1,125.013
1,125.015
1,125.016
1,125.019
1,125.02
1,125.02
1,125.022
1,125.022
1,125.026
1,125.027
1,125.028
1,125.028
1,125.028
1,125.028
1,125.03
1,125.032
1,125.037
1,125.038
1,125.04
1,125.049
1,125.05
1,125.05
1,125.052
1,125.055
1,125.057
1,125.057
1,125.062
1,125.063
1,125.073
1,125.077
1,125.086
1,125.088
1,125.093
1,125.1
1,125.1
1,125.112
1,125.124
1,125.126
1,125.147
1,125.147
1,125.15
1,125.159
1,125.163
1,125.177
1,125.181
1,125.19
1,125.197
1,125.217
1,125.224
1,125.226
1,125.228
1,125.241
1,125.245
1,125.251
1,125.261
1,125.262
1,125.294
1,125.295
1,125.303
1,125.307
1,125.309
1,125.328
1,125.329
1,125.344
1,125.346
1,125.348
1,125.361
1,125.363
1,125.367
1,125.374
1,125.41
1,125.418
1,125.45
1,125.47
1,125.506
1,125.508
1,125.523
1,125.528
1,125.558
1,125.562
1,125.584
1,125.593
1,125.604
1,125.618
1,125.648
1,125.653
1,125.663
1,125.674
1,125.676
1,125.692
1,125.693
1,125.693
1,125.717
1,125.741
1,125.749
1,125.767
1,125.778
1,125.783
1,125.787
1,125.802
1,125.804
1,125.827
1,125.848
1,125.86
1,125.875
1,125.881
1,125.898
1,125.908
1,125.916
1,125.916
1,125.95
1,125.958
1,125.964
1,125.971
1,125.975
1,125.978
1,125.983
1,125.984
1,125.986
1,125.987
1,125.989
1,125.991
1,125.992
1,125.994
1,125.994
1,125.995
1,125.997
1,125.997
1,125.999
1,126
1,126.006
1,126.007
1,126.007
1,126.011
1,126.012
1,126.019
1,126.029
1,126.031
1,126.034
1,126.036
1,126.037
1,126.039
1,126.052
1,126.07
1,126.089
1,126.1
1,126.103
1,126.105
1,126.105
1,126.113
1,126.132
1,126.136
1,126.14
1,126.153
1,126.154
1,126.16
1,126.179
1,126.182
1,126.184
1,126.191
1,126.202
1,126.241
1,126.271
1,126.273
1,126.274
1,126.282
1,126.291
1,126.294
1,126.294
1,126.31
1,126.319
1,126.339
1,126.341
1,126.342
1,126.4
1,126.412
1,126.412
1,126.418
1,126.42
1,126.428
1,126.46
1,126.462
1,126.464
1,126.476
1,126.482
1,126.488
1,126.501
1,126.513
1,126.523
1,126.531
1,126.533
1,126.533
1,126.537
1,126.54
1,126.555
1,126.57
1,126.615
1,126.618
1,126.631
1,126.641
1,126.649
1,126.664
1,126.682
1,126.689
1,126.693
1,126.71
1,126.711
1,126.714
1,126.725
1,126.729
1,126.747
1,126.773
1,126.776
1,126.785
1,126.786
1,126.792
1,126.8
1,126.805
1,126.806
1,126.821
1,126.83
1,126.855
1,126.88
1,126.881
1,126.884
1,126.892
1,126.914
1,126.922
1,126.927
1,126.934
1,126.938
1,126.94
1,126.941
1,126.941
1,126.946
1,126.947
1,126.948
1,126.95
1,126.953
1,126.954
1,126.955
1,126.955
1,126.956
1,126.958
1,126.966
1,126.968
1,126.976
1,126.976
1,126.983
1,126.984
1,126.986
1,126.992
1,126.999
1,127
1,127.006
1,127.025
1,127.07
1,127.102
1,127.113
1,127.122
1,127.14
1,127.15
1,127.151
1,127.154
1,127.157
1,127.171
1,127.188
1,127.191
1,127.221
1,127.257
1,127.267
1,127.27
1,127.275
1,127.278
1,127.279
1,127.294
1,127.298
1,127.307
1,127.355
1,127.356
1,127.362
1,127.369
1,127.373
1,127.387
1,127.407
1,127.408
1,127.434
1,127.434
1,127.443
1,127.463
1,127.469
1,127.493
1,127.494
1,127.506
1,127.547
1,127.555
1,127.574
1,127.579
1,127.582
1,127.585
1,127.592
1,127.597
1,127.601
1,127.605
1,127.659
1,127.677
1,127.68
1,127.686
1,127.686
1,127.707
1,127.719
1,127.719
1,127.745
1,127.749
1,127.756
1,127.757
1,127.765
1,127.779
1,127.782
1,127.792
1,127.803
1,127.803
1,127.811
1,127.814
1,127.817
1,127.839
1,127.84
1,127.844
1,127.853
1,127.856
1,127.873
1,127.874
1,127.876
1,127.879
1,127.882
1,127.887
1,127.89
1,127.891
1,127.902
1,127.908
1,127.909
1,127.91
1,127.911
1,127.92
1,127.923
1,127.923
1,127.923
1,127.924
1,127.926
1,127.929
1,127.932
1,127.937
1,127.949
1,127.952
1,127.955
1,127.956
1,127.962
1,127.968
1,127.968
1,127.968
1,127.969
1,127.969
1,127.97
1,127.971
1,127.974
1,127.974
1,127.977
1,127.979
1,127.98
1,127.981
1,127.983
1,127.984
1,127.984
1,127.985
1,127.986
1,127.987
1,127.989
1,127.99
1,127.99
1,127.992
1,127.993
1,127.995
1,127.996
1,127.996
1,127.999
1,127.999
1,128.003
1,128.004
1,128.004
1,128.005
1,128.006
1,128.006
1,128.006
1,128.006
1,128.007
1,128.012
1,128.013
1,128.018
1,128.022
1,128.022
1,128.022
1,128.033
1,128.061
1,128.067
1,128.07
1,128.077
1,128.087
1,128.092
1,128.116
1,128.134
1,128.135
1,128.137
1,128.162
1,128.171
1,128.173
1,128.176
1,128.186
1,128.205
1,128.217
1,128.219
1,128.229
1,128.239
1,128.251
1,128.262
1,128.278
1,128.292
1,128.298
1,128.304
1,128.319
1,128.367
1,128.398
1,128.399
1,128.407
1,128.43
1,128.444
1,128.45
1,128.459
1,128.47
1,128.48
1,128.502
1,128.505
1,128.518
1,128.532
1,128.544
1,128.549
1,128.578
1,128.598
1,128.598
1,128.599
1,128.601
1,128.607
1,128.636
1,128.639
1,128.646
1,128.646
1,128.656
1,128.664
1,128.666
1,128.684
1,128.685
1,128.689
1,128.702
1,128.713
1,128.714
1,128.745
1,128.769
1,128.785
1,128.808
1,128.822
1,128.835
1,128.865
1,128.867
1,128.928
1,128.951
1,128.955
1,128.961
1,128.962
1,128.968
1,128.972
1,128.976
1,128.988
1,128.991
1,128.998
1,128.999
1,129.034
1,129.042
1,129.047
1,129.07
1,129.088
1,129.113
1,129.122
1,129.122
1,129.146
1,129.151
1,129.161
1,129.169
1,129.233
1,129.237
1,129.245
1,129.266
1,129.275
1,129.277
1,129.282
1,129.293
1,129.316
1,129.318
1,129.318
1,129.333
1,129.352
1,129.354
1,129.391
1,129.393
1,129.393
1,129.418
1,129.488
1,129.493
1,129.493
1,129.542
1,129.58
1,129.583
1,129.584
1,129.591
1,129.626
1,129.655
1,129.691
1,129.699
1,129.703
1,129.714
1,129.722
1,129.729
1,129.738
1,129.756
1,129.761
1,129.761
1,129.781
1,129.818
1,129.824
1,129.829
1,129.846
1,129.871
1,129.88
1,129.887
1,129.888
1,129.903
1,129.903
1,129.909
1,129.915
1,129.927
1,129.953
1,129.953
1,129.956
1,129.956
1,129.956
1,129.961
1,129.962
1,129.962
1,129.97
1,129.972
1,129.974
1,129.974
1,129.975
1,129.976
1,129.977
1,129.977
1,129.983
1,129.984
1,129.986
1,129.986
1,129.987
1,129.988
1,129.988
1,129.99
1,129.991
1,129.993
1,129.993
1,129.994
1,129.997
1,130
1,130.001
1,130.002
1,130.002
1,130.002
1,130.003
1,130.004
1,130.005
1,130.006
1,130.006
1,130.007
1,130.008
1,130.008
1,130.008
1,130.011
1,130.011
1,130.012
1,130.013
1,130.013
1,130.016
1,130.016
1,130.017
1,130.017
1,130.018
1,130.019
1,130.019
1,130.019
1,130.019
1,130.02
1,130.022
1,130.023
1,130.023
1,130.023
1,130.026
1,130.026
1,130.027
1,130.027
1,130.03
1,130.031
1,130.032
1,130.039
1,130.04
1,130.04
1,130.042
1,130.042
1,130.049
1,130.051
1,130.052
1,130.052
1,130.052
1,130.053
1,130.057
1,130.06
1,130.062
1,130.065
1,130.07
1,130.073
1,130.091
1,130.092
1,130.098
1,130.1
1,130.103
1,130.103
1,130.106
1,130.119
1,130.12
1,130.126
1,130.129
1,130.136
1,130.14
1,130.149
1,130.164
1,130.164
1,130.173
1,130.183
1,130.195
1,130.196
1,130.196
1,130.201
1,130.203
1,130.221
1,130.229
1,130.231
1,130.255
1,130.272
1,130.272
1,130.273
1,130.275
1,130.28
1,130.281
1,130.284
1,130.286
1,130.298
1,130.316
1,130.319
1,130.325
1,130.335
1,130.339
1,130.345
1,130.35
1,130.36
1,130.372
1,130.382
1,130.402
1,130.402
1,130.421
1,130.422
1,130.427
1,130.429
1,130.441
1,130.453
1,130.459
1,130.461
1,130.48
1,130.49
1,130.495
1,130.513
1,130.519
1,130.545
1,130.557
1,130.572
1,130.58
1,130.586
1,130.588
1,130.598
1,130.619
1,130.631
1,130.637
1,130.64
1,130.677
1,130.683
1,130.685
1,130.691
1,130.692
1,130.716
1,130.72
1,130.729
1,130.752
1,130.756
1,130.76
1,130.77
1,130.786
1,130.812
1,130.815
1,130.818
1,130.823
1,130.826
1,130.831
1,130.839
1,130.84
1,130.848
1,130.861
1,130.862
1,130.867
1,130.869
1,130.889
1,130.892
1,130.908
1,130.923
1,130.939
1,130.955
1,130.956
1,130.957
1,130.974
1,130.975
1,130.98
1,130.985
1,130.99
1,130.993
1,131
1,131.01
1,131.01
1,131.011
1,131.013
1,131.018
1,131.04
1,131.045
1,131.056
1,131.059
1,131.065
1,131.074
1,131.078
1,131.079
1,131.118
1,131.121
1,131.128
1,131.134
1,131.184
1,131.191
1,131.198
1,131.248
1,131.272
1,131.279
1,131.281
1,131.292
1,131.297
1,131.319
1,131.348
1,131.388
1,131.395
1,131.4
1,131.404
1,131.409
1,131.444
1,131.45
1,131.458
1,131.487
1,131.5
1,131.502
1,131.509
1,131.525
1,131.552
1,131.554
1,131.564
1,131.568
1,131.568
1,131.578
1,131.611
1,131.612
1,131.615
1,131.619
1,131.622
1,131.624
1,131.624
1,131.634
1,131.635
1,131.639
1,131.641
1,131.642
1,131.648
1,131.671
1,131.683
1,131.724
1,131.729
1,131.752
1,131.761
1,131.784
1,131.813
1,131.816
1,131.83
1,131.84
1,131.842
1,131.85
1,131.857
1,131.868
1,131.868
1,131.875
1,131.877
1,131.889
1,131.909
1,131.915
1,131.917
1,131.936
1,131.938
1,131.946
1,131.948
1,131.953
1,131.955
1,131.955
1,131.964
1,131.966
1,131.968
1,131.968
1,131.971
1,131.977
1,131.98
1,131.98
1,131.981
1,131.981
1,131.985
1,131.986
1,131.986
1,131.989
1,131.991
1,131.991
1,131.991
1,131.991
1,131.991
1,131.995
1,131.996
1,131.999
1,131.999
1,131.999
1,131.999
1,132.002
1,132.021
1,132.022
1,132.023
1,132.025
1,132.026
1,132.043
1,132.045
1,132.049
1,132.053
1,132.073
1,132.076
1,132.082
1,132.084
1,132.088
1,132.093
1,132.106
1,132.109
1,132.115
1,132.131
1,132.136
1,132.149
1,132.159
1,132.167
1,132.174
1,132.188
1,132.197
1,132.261
1,132.27
1,132.335
1,132.337
1,132.345
1,132.358
1,132.368
1,132.369
1,132.428
1,132.43
1,132.462
1,132.465
1,132.474
1,132.506
1,132.513
1,132.558
1,132.582
1,132.586
1,132.59
1,132.595
1,132.598
1,132.61
1,132.611
1,132.636
1,132.642
1,132.666
1,132.674
1,132.684
1,132.731
1,132.758
1,132.786
1,132.794
1,132.834
1,132.844
1,132.858
1,132.888
1,132.892
1,132.903
1,132.946
1,132.949
1,132.962
1,132.965
1,132.967
1,132.972
1,132.973
1,132.974
1,132.986
1,132.995
1,132.998
1,133
1,133.005
1,133.009
1,133.01
1,133.015
1,133.017
1,133.036
1,133.05
1,133.057
1,133.058
1,133.072
1,133.088
1,133.12
1,133.125
1,133.142
1,133.144
1,133.155
1,133.166
1,133.18
1,133.191
1,133.193
1,133.211
1,133.211
1,133.227
1,133.227
1,133.29
1,133.297
1,133.3
1,133.306
1,133.312
1,133.318
1,133.319
1,133.324
1,133.325
1,133.325
1,133.326
1,133.329
1,133.331
1,133.339
1,133.343
1,133.349
1,133.353
1,133.369
1,133.383
1,133.391
1,133.392
1,133.393
1,133.398
1,133.404
1,133.405
1,133.428
1,133.45
1,133.471
1,133.529
1,133.549
1,133.553
1,133.582
1,133.596
1,133.6
1,133.607
1,133.624
1,133.64
1,133.699
1,133.721
1,133.729
1,133.787
1,133.792
1,133.811
1,133.812
1,133.821
1,133.827
1,133.838
1,133.857
1,133.884
1,133.891
1,133.898
1,133.903
1,133.912
1,133.925
1,133.953
1,133.954
1,133.96
1,133.972
1,133.974
1,133.979
1,133.981
1,133.983
1,133.985
1,133.986
1,133.987
1,133.994
1,134.009
1,134.012
1,134.014
1,134.017
1,134.02
1,134.021
1,134.027
1,134.028
1,134.033
1,134.046
1,134.051
1,134.054
1,134.056
1,134.07
1,134.075
1,134.083
1,134.086
1,134.089
1,134.102
1,134.104
1,134.109
1,134.112
1,134.113
1,134.115
1,134.123
1,134.132
1,134.132
1,134.156
1,134.173
1,134.188
1,134.192
1,134.201
1,134.21
1,134.211
1,134.221
1,134.237
1,134.245
1,134.254
1,134.258
1,134.279
1,134.282
1,134.289
1,134.291
1,134.293
1,134.3
1,134.48
1,134.491
1,134.492
1,134.496
1,134.5
1,134.531
1,134.538
1,134.539
1,134.551
1,134.552
1,134.56
1,134.56
1,134.566
1,134.616
1,134.648
1,134.654
1,134.734
1,134.741
1,134.759
1,134.777
1,134.804
1,134.804
1,134.819
1,134.819
1,134.828
1,134.83
1,134.832
1,134.837
1,134.857
1,134.864
1,134.88
1,134.882
1,134.897
1,134.909
1,134.923
1,134.929
1,134.931
1,134.937
1,134.941
1,134.972
1,134.982
1,134.985
1,134.99
1,135.005
1,135.011
1,135.013
1,135.015
1,135.016
1,135.021
1,135.021
1,135.033
1,135.037
1,135.038
1,135.039
1,135.044
1,135.045
1,135.048
1,135.053
1,135.058
1,135.059
1,135.064
1,135.064
1,135.066
1,135.072
1,135.083
1,135.087
1,135.092
1,135.095
1,135.099
1,135.111
1,135.121
1,135.124
1,135.151
1,135.175
1,135.189
1,135.206
1,135.233
1,135.238
1,135.264
1,135.314
1,135.344
1,135.374
1,135.386
1,135.39
1,135.397
1,135.407
1,135.415
1,135.421
1,135.426
1,135.458
1,135.487
1,135.503
1,135.507
1,135.525
1,135.535
1,135.537
1,135.561
1,135.57
1,135.599
1,135.599
1,135.642
1,135.648
1,135.706
1,135.733
1,135.759
1,135.776
1,135.778
1,135.78
1,135.799
1,135.801
1,135.826
1,135.87
1,135.894
1,135.895
1,135.909
1,135.91
1,135.914
1,135.914
1,135.929
1,135.951
1,135.955
1,135.958
1,135.968
1,135.982
1,135.984
1,135.985
1,135.989
1,135.99
1,135.993
1,135.993
1,136.003
1,136.021
1,136.021
1,136.021
1,136.032
1,136.044
1,136.044
1,136.044
1,136.06
1,136.089
1,136.116
1,136.129
1,136.129
1,136.13
1,136.147
1,136.163
1,136.164
1,136.164
1,136.176
1,136.177
1,136.191
1,136.208
1,136.211
1,136.217
1,136.223
1,136.234
1,136.248
1,136.248
1,136.271
1,136.273
1,136.274
1,136.32
1,136.326
1,136.331
1,136.38
1,136.383
1,136.442
1,136.459
1,136.463
1,136.474
1,136.478
1,136.492
1,136.495
1,136.577
1,136.579
1,136.621
1,136.69
1,136.7
1,136.714
1,136.72
1,136.726
1,136.749
1,136.749
1,136.749
1,136.767
1,136.778
1,136.786
1,136.82
1,136.821
1,136.826
1,136.835
1,136.842
1,136.846
1,136.861
1,136.871
1,136.874
1,136.887
1,136.89
1,136.897
1,136.908
1,136.915
1,136.915
1,136.932
1,136.936
1,136.945
1,136.948
1,136.95
1,136.955
1,136.957
1,136.964
1,136.964
1,136.967
1,136.975
1,136.981
1,136.984
1,136.993
1,137.002
1,137.004
1,137.008
1,137.049
1,137.068
1,137.07
1,137.11
1,137.113
1,137.119
1,137.149
1,137.149
1,137.158
1,137.192
1,137.219
1,137.23
1,137.231
1,137.237
1,137.258
1,137.272
1,137.277
1,137.288
1,137.289
1,137.29
1,137.296
1,137.328
1,137.33
1,137.333
1,137.334
1,137.342
1,137.349
1,137.368
1,137.387
1,137.398
1,137.425
1,137.45
1,137.465
1,137.476
1,137.486
1,137.495
1,137.496
1,137.51
1,137.522
1,137.528
1,137.534
1,137.537
1,137.54
1,137.549
1,137.567
1,137.589
1,137.614
1,137.645
1,137.658
1,137.663
1,137.673
1,137.686
1,137.687
1,137.699
1,137.714
1,137.741
1,137.746
1,137.754
1,137.765
1,137.766
1,137.795
1,137.804
1,137.806
1,137.823
1,137.828
1,137.835
1,137.846
1,137.862
1,137.865
1,137.87
1,137.883
1,137.888
1,137.89
1,137.896
1,137.903
1,137.908
1,137.911
1,137.913
1,137.923
1,137.924
1,137.926
1,137.934
1,137.935
1,137.936
1,137.937
1,137.938
1,137.939
1,137.941
1,137.942
1,137.951
1,137.951
1,137.953
1,137.953
1,137.954
1,137.959
1,137.96
1,137.963
1,137.971
1,137.971
1,137.973
1,137.976
1,137.981
1,137.99
1,137.999
1,138.001
1,138.003
1,138.007
1,138.012
1,138.021
1,138.028
1,138.033
1,138.038
1,138.039
1,138.045
1,138.046
1,138.048
1,138.079
1,138.094
1,138.102
1,138.156
1,138.165
1,138.207
1,138.213
1,138.25
1,138.256
1,138.257
1,138.279
1,138.291
1,138.308
1,138.311
1,138.331
1,138.356
1,138.356
1,138.364
1,138.367
1,138.378
1,138.385
1,138.386
1,138.387
1,138.39
1,138.408
1,138.417
1,138.425
1,138.43
1,138.443
1,138.471
1,138.489
1,138.494
1,138.501
1,138.504
1,138.508
1,138.512
1,138.517
1,138.536
1,138.54
1,138.561
1,138.572
1,138.581
1,138.593
1,138.63
1,138.657
1,138.657
1,138.703
1,138.732
1,138.755
1,138.796
1,138.83
1,138.831
1,138.836
1,138.876
1,138.916
1,138.935
1,138.966
1,138.986
1,138.997
1,139.009
1,139.015
1,139.018
1,139.02
1,139.026
1,139.037
1,139.044
1,139.066
1,139.07
1,139.103
1,139.115
1,139.136
1,139.167
1,139.186
1,139.189
1,139.202
1,139.202
1,139.211
1,139.213
1,139.224
1,139.23
1,139.238
1,139.243
1,139.286
1,139.301
1,139.304
1,139.315
1,139.333
1,139.344
1,139.38
1,139.401
1,139.402
1,139.423
1,139.469
1,139.482
1,139.487
1,139.499
1,139.543
1,139.56
1,139.562
1,139.603
1,139.606
1,139.628
1,139.629
1,139.685
1,139.706
1,139.711
1,139.72
1,139.755
1,139.768
1,139.778
1,139.806
1,139.811
1,139.826
1,139.841
1,139.866
1,139.872
1,139.878
1,139.898
1,139.905
1,139.91
1,139.91
1,139.913
1,139.913
1,139.914
1,139.919
1,139.925
1,139.944
1,139.944
1,139.947
1,139.949
1,139.95
1,139.95
1,139.959
1,139.963
1,139.967
1,139.972
1,139.977
1,139.98
1,139.981
1,139.987
1,139.99
1,139.99
1,139.991
1,139.992
1,139.993
1,139.994
1,139.994
1,139.998
1,139.999
1,140
1,140.001
1,140.003
1,140.007
1,140.007
1,140.013
1,140.013
1,140.017
1,140.019
1,140.02
1,140.021
1,140.022
1,140.023
1,140.025
1,140.026
1,140.026
1,140.026
1,140.027
1,140.029
1,140.029
1,140.032
1,140.033
1,140.033
1,140.04
1,140.042
1,140.043
1,140.044
1,140.044
1,140.045
1,140.046
1,140.048
1,140.052
1,140.056
1,140.068
1,140.069
1,140.076
1,140.077
1,140.077
1,140.08
1,140.08
1,140.082
1,140.084
1,140.085
1,140.085
1,140.09
1,140.097
1,140.111
1,140.112
1,140.119
1,140.119
1,140.13
1,140.133
1,140.143
1,140.143
1,140.144
1,140.148
1,140.148
1,140.151
1,140.17
1,140.172
1,140.173
1,140.174
1,140.178
1,140.185
1,140.186
1,140.197
1,140.202
1,140.202
1,140.238
1,140.247
1,140.252
1,140.254
1,140.259
1,140.26
1,140.264
1,140.269
1,140.281
1,140.283
1,140.316
1,140.334
1,140.354
1,140.407
1,140.422
1,140.424
1,140.444
1,140.449
1,140.456
1,140.458
1,140.462
1,140.496
1,140.52
1,140.549
1,140.577
1,140.582
1,140.595
1,140.608
1,140.618
1,140.629
1,140.63
1,140.638
1,140.638
1,140.654
1,140.659
1,140.66
1,140.666
1,140.666
1,140.696
1,140.73
1,140.741
1,140.823
1,140.823
1,140.834
1,140.872
1,140.878
1,140.9
1,140.903
1,140.945
1,140.951
1,140.956
1,140.97
1,140.97
1,140.972
1,140.979
1,140.984
1,140.989
1,140.994
1,140.995
1,140.997
1,141.002
1,141.004
1,141.008
1,141.019
1,141.022
1,141.024
1,141.041
1,141.042
1,141.052
1,141.053
1,141.116
1,141.117
1,141.118
1,141.121
1,141.148
1,141.165
1,141.171
1,141.175
1,141.185
1,141.192
1,141.205
1,141.22
1,141.223
1,141.229
1,141.231
1,141.233
1,141.257
1,141.257
1,141.271
1,141.325
1,141.334
1,141.358
1,141.36
1,141.379
1,141.394
1,141.423
1,141.438
1,141.45
1,141.469
1,141.493
1,141.508
1,141.51
1,141.553
1,141.584
1,141.602
1,141.609
1,141.621
1,141.63
1,141.652
1,141.662
1,141.674
1,141.681
1,141.705
1,141.706
1,141.71
1,141.729
1,141.733
1,141.741
1,141.743
1,141.746
1,141.749
1,141.749
1,141.769
1,141.769
1,141.772
1,141.78
1,141.808
1,141.813
1,141.816
1,141.836
1,141.846
1,141.868
1,141.872
1,141.892
1,141.919
1,141.925
1,141.936
1,141.946
1,141.961
1,141.964
1,141.975
1,141.982
1,141.987
1,141.992
1,141.999
1,142.001
1,142.004
1,142.01
1,142.024
1,142.066
1,142.069
1,142.107
1,142.116
1,142.121
1,142.137
1,142.141
1,142.151
1,142.158
1,142.192
1,142.196
1,142.198
1,142.212
1,142.23
1,142.253
1,142.26
1,142.351
1,142.367
1,142.372
1,142.398
1,142.409
1,142.409
1,142.431
1,142.432
1,142.449
1,142.453
1,142.479
1,142.48
1,142.523
1,142.612
1,142.639
1,142.646
1,142.657
1,142.666
1,142.674
1,142.68
1,142.706
1,142.709
1,142.729
1,142.739
1,142.749
1,142.763
1,142.782
1,142.801
1,142.82
1,142.839
1,142.857
1,142.858
1,142.869
1,142.88
1,142.893
1,142.895
1,142.911
1,142.946
1,142.948
1,142.953
1,142.956
1,142.963
1,142.968
1,142.972
1,142.978
1,142.98
1,142.981
1,142.991
1,143.01
1,143.021
1,143.028
1,143.031
1,143.038
1,143.061
1,143.095
1,143.126
1,143.137
1,143.14
1,143.143
1,143.212
1,143.224
1,143.231
1,143.239
1,143.245
1,143.251
1,143.257
1,143.267
1,143.29
1,143.291
1,143.311
1,143.317
1,143.431
1,143.467
1,143.497
1,143.513
1,143.59
1,143.592
1,143.601
1,143.606
1,143.676
1,143.679
1,143.699
1,143.748
1,143.764
1,143.804
1,143.812
1,143.837
1,143.844
1,143.85
1,143.854
1,143.855
1,143.86
1,143.864
1,143.864
1,143.869
1,143.881
1,143.898
1,143.908
1,143.913
1,143.932
1,143.947
1,143.951
1,143.963
1,143.969
1,143.97
1,143.973
1,143.986
1,144.001
1,144.002
1,144.003
1,144.005
1,144.005
1,144.012
1,144.017
1,144.022
1,144.026
1,144.027
1,144.03
1,144.038
1,144.045
1,144.047
1,144.052
1,144.067
1,144.072
1,144.073
1,144.076
1,144.082
1,144.099
1,144.104
1,144.142
1,144.144
1,144.162
1,144.184
1,144.215
1,144.217
1,144.232
1,144.239
1,144.252
1,144.252
1,144.265
1,144.319
1,144.344
1,144.354
1,144.398
1,144.404
1,144.412
1,144.424
1,144.438
1,144.447
1,144.463
1,144.474
1,144.474
1,144.478
1,144.49
1,144.538
1,144.544
1,144.548
1,144.562
1,144.573
1,144.581
1,144.591
1,144.603
1,144.649
1,144.651
1,144.678
1,144.71
1,144.717
1,144.721
1,144.722
1,144.737
1,144.777
1,144.801
1,144.803
1,144.812
1,144.835
1,144.836
1,144.84
1,144.902
1,144.94
1,144.954
1,144.955
1,144.974
1,144.975
1,144.987
1,145.004
1,145.008
1,145.011
1,145.021
1,145.032
1,145.047
1,145.05
1,145.055
1,145.064
1,145.077
1,145.093
1,145.099
1,145.1
1,145.105
1,145.109
1,145.115
1,145.147
1,145.16
1,145.179
1,145.18
1,145.185
1,145.218
1,145.222
1,145.228
1,145.259
1,145.26
1,145.271
1,145.323
1,145.333
1,145.343
1,145.464
1,145.478
1,145.48
1,145.514
1,145.518
1,145.521
1,145.525
1,145.562
1,145.607
1,145.618
1,145.635
1,145.689
1,145.711
1,145.717
1,145.858
1,145.859
1,145.88
1,145.882
1,145.883
1,145.893
1,145.907
1,145.917
1,145.924
1,145.93
1,145.941
1,145.944
1,145.949
1,145.962
1,145.971
1,145.99
1,145.997
1,145.999
1,146.008
1,146.01
1,146.01
1,146.013
1,146.02
1,146.022
1,146.035
1,146.036
1,146.037
1,146.051
1,146.053
1,146.053
1,146.06
1,146.061
1,146.063
1,146.103
1,146.141
1,146.143
1,146.184
1,146.186
1,146.238
1,146.24
1,146.275
1,146.284
1,146.29
1,146.306
1,146.313
1,146.331
1,146.354
1,146.389
1,146.392
1,146.422
1,146.445
1,146.454
1,146.454
1,146.473
1,146.474
1,146.484
1,146.545
1,146.569
1,146.577
1,146.577
1,146.581
1,146.606
1,146.622
1,146.64
1,146.644
1,146.654
1,146.677
1,146.683
1,146.685
1,146.688
1,146.708
1,146.758
1,146.765
1,146.77
1,146.775
1,146.796
1,146.807
1,146.808
1,146.817
1,146.826
1,146.85
1,146.851
1,146.852
1,146.856
1,146.879
1,146.894
1,146.909
1,146.913
1,146.93
1,146.936
1,146.971
1,146.976
1,146.999
1,147
1,147.002
1,147.003
1,147.02
1,147.055
1,147.057
1,147.066
1,147.087
1,147.093
1,147.128
1,147.173
1,147.256
1,147.327
1,147.347
1,147.395
1,147.421
1,147.436
1,147.508
1,147.51
1,147.576
1,147.576
1,147.597
1,147.599
1,147.602
1,147.633
1,147.637
1,147.659
1,147.661
1,147.679
1,147.692
1,147.734
1,147.736
1,147.745
1,147.781
1,147.782
1,147.791
1,147.83
1,147.847
1,147.853
1,147.871
1,147.882
1,147.886
1,147.892
1,147.904
1,147.91
1,147.928
1,147.932
1,147.934
1,147.941
1,147.944
1,147.964
1,147.97
1,147.97
1,147.975
1,147.979
1,147.983
1,147.99
1,147.991
1,147.998
1,148
1,148.012
1,148.017
1,148.02
1,148.022
1,148.024
1,148.027
1,148.03
1,148.045
1,148.046
1,148.071
1,148.073
1,148.077
1,148.105
1,148.119
1,148.14
1,148.142
1,148.234
1,148.244
1,148.252
1,148.264
1,148.277
1,148.294
1,148.341
1,148.357
1,148.358
1,148.363
1,148.371
1,148.382
1,148.412
1,148.426
1,148.452
1,148.458
1,148.505
1,148.524
1,148.555
1,148.57
1,148.601
1,148.627
1,148.633
1,148.642
1,148.653
1,148.653
1,148.661
1,148.68
1,148.684
1,148.712
1,148.735
1,148.748
1,148.8
1,148.856
1,148.877
1,148.879
1,148.907
1,148.929
1,148.975
1,148.991
1,149.005
1,149.01
1,149.01
1,149.012
1,149.034
1,149.039
1,149.054
1,149.056
1,149.069
1,149.14
1,149.167
1,149.169
1,149.234
1,149.252
1,149.259
1,149.293
1,149.317
1,149.394
1,149.423
1,149.435
1,149.492
1,149.527
1,149.551
1,149.567
1,149.587
1,149.591
1,149.619
1,149.629
1,149.654
1,149.682
1,149.689
1,149.748
1,149.765
1,149.767
1,149.79
1,149.827
1,149.844
1,149.853
1,149.864
1,149.895
1,149.897
1,149.9
1,149.91
1,149.913
1,149.916
1,149.917
1,149.921
1,149.939
1,149.94
1,149.948
1,149.956
1,149.96
1,149.971
1,149.972
1,149.978
1,149.978
1,149.979
1,149.981
1,149.984
1,149.984
1,149.985
1,149.988
1,149.988
1,149.998
1,150.003
1,150.006
1,150.009
1,150.012
1,150.012
1,150.013
1,150.014
1,150.017
1,150.023
1,150.024
1,150.028
1,150.028
1,150.03
1,150.031
1,150.032
1,150.037
1,150.04
1,150.049
1,150.05
1,150.055
1,150.056
1,150.056
1,150.059
1,150.061
1,150.062
1,150.063
1,150.064
1,150.066
1,150.068
1,150.071
1,150.075
1,150.077
1,150.077
1,150.08
1,150.081
1,150.082
1,150.085
1,150.086
1,150.087
1,150.089
1,150.096
1,150.11
1,150.111
1,150.112
1,150.116
1,150.117
1,150.117
1,150.13
1,150.155
1,150.163
1,150.209
1,150.226
1,150.23
1,150.243
1,150.256
1,150.276
1,150.3
1,150.302
1,150.314
1,150.404
1,150.405
1,150.407
1,150.418
1,150.439
1,150.486
1,150.519
1,150.526
1,150.529
1,150.567
1,150.569
1,150.573
1,150.575
1,150.582
1,150.59
1,150.655
1,150.666
1,150.715
1,150.735
1,150.75
1,150.782
1,150.784
1,150.784
1,150.788
1,150.799
1,150.83
1,150.837
1,150.848
1,150.867
1,150.867
1,150.871
1,150.933
1,150.95
1,150.951
1,150.955
1,150.958
1,150.982
1,150.986
1,151.004
1,151.036
1,151.049
1,151.051
1,151.064
1,151.123
1,151.164
1,151.184
1,151.195
1,151.199
1,151.211
1,151.215
1,151.215
1,151.255
1,151.273
1,151.284
1,151.294
1,151.311
1,151.357
1,151.379
1,151.391
1,151.401
1,151.401
1,151.444
1,151.488
1,151.493
1,151.498
1,151.5
1,151.508
1,151.528
1,151.537
1,151.576
1,151.64
1,151.676
1,151.699
1,151.715
1,151.716
1,151.717
1,151.726
1,151.728
1,151.73
1,151.741
1,151.744
1,151.746
1,151.752
1,151.796
1,151.8
1,151.805
1,151.844
1,151.864
1,151.869
1,151.882
1,151.911
1,151.936
1,151.936
1,151.939
1,151.941
1,151.945
1,151.949
1,151.953
1,151.956
1,151.956
1,151.973
1,151.983
1,151.983
1,151.984
1,151.992
1,151.997
1,152
1,152.001
1,152.005
1,152.013
1,152.017
1,152.02
1,152.041
1,152.077
1,152.082
1,152.084
1,152.127
1,152.168
1,152.172
1,152.194
1,152.2
1,152.208
1,152.213
1,152.214
1,152.227
1,152.249
1,152.258
1,152.267
1,152.273
1,152.282
1,152.294
1,152.313
1,152.338
1,152.34
1,152.343
1,152.363
1,152.434
1,152.448
1,152.457
1,152.461
1,152.462
1,152.468
1,152.516
1,152.6
1,152.606
1,152.622
1,152.628
1,152.633
1,152.709
1,152.729
1,152.775
1,152.785
1,152.792
1,152.857
1,152.874
1,152.879
1,152.887
1,152.899
1,152.91
1,152.935
1,152.942
1,152.986
1,152.988
1,152.99
1,152.995
1,152.999
1,153.021
1,153.033
1,153.033
1,153.04
1,153.052
1,153.055
1,153.058
1,153.069
1,153.08
1,153.086
1,153.145
1,153.211
1,153.251
1,153.264
1,153.3
1,153.309
1,153.316
1,153.372
1,153.396
1,153.447
1,153.474
1,153.551
1,153.602
1,153.642
1,153.656
1,153.667
1,153.667
1,153.713
1,153.731
1,153.738
1,153.765
1,153.768
1,153.785
1,153.802
1,153.803
1,153.819
1,153.833
1,153.849
1,153.862
1,153.898
1,153.909
1,153.911
1,153.922
1,153.939
1,153.942
1,153.942
1,153.968
1,153.968
1,153.97
1,153.974
1,153.977
1,153.978
1,153.978
1,153.998
1,154.01
1,154.028
1,154.038
1,154.045
1,154.048
1,154.072
1,154.076
1,154.084
1,154.09
1,154.093
1,154.099
1,154.113
1,154.159
1,154.164
1,154.167
1,154.172
1,154.188
1,154.211
1,154.24
1,154.244
1,154.246
1,154.286
1,154.322
1,154.332
1,154.354
1,154.356
1,154.403
1,154.429
1,154.434
1,154.475
1,154.483
1,154.548
1,154.585
1,154.603
1,154.619
1,154.631
1,154.637
1,154.695
1,154.731
1,154.734
1,154.753
1,154.763
1,154.783
1,154.873
1,154.953
1,154.976
1,154.995
1,154.998
1,155.01
1,155.012
1,155.023
1,155.036
1,155.038
1,155.038
1,155.041
1,155.049
1,155.05
1,155.056
1,155.062
1,155.065
1,155.07
1,155.074
1,155.08
1,155.091
1,155.112
1,155.126
1,155.127
1,155.173
1,155.193
1,155.193
1,155.254
1,155.26
1,155.264
1,155.329
1,155.389
1,155.411
1,155.521
1,155.524
1,155.526
1,155.577
1,155.611
1,155.641
1,155.659
1,155.726
1,155.735
1,155.757
1,155.769
1,155.792
1,155.793
1,155.815
1,155.827
1,155.839
1,155.843
1,155.889
1,155.896
1,155.906
1,155.926
1,155.954
1,155.958
1,155.979
1,155.979
1,155.982
1,155.996
1,155.999
1,156.002
1,156.005
1,156.007
1,156.021
1,156.028
1,156.029
1,156.062
1,156.066
1,156.074
1,156.078
1,156.079
1,156.084
1,156.097
1,156.107
1,156.131
1,156.139
1,156.15
1,156.179
1,156.202
1,156.222
1,156.239
1,156.26
1,156.261
1,156.27
1,156.285
1,156.298
1,156.32
1,156.371
1,156.408
1,156.414
1,156.446
1,156.507
1,156.523
1,156.527
1,156.581
1,156.605
1,156.616
1,156.645
1,156.65
1,156.688
1,156.758
1,156.803
1,156.804
1,156.833
1,156.833
1,156.868
1,156.917
1,156.924
1,156.948
1,156.957
1,156.957
1,156.968
1,156.972
1,157.001
1,157.007
1,157.087
1,157.103
1,157.111
1,157.118
1,157.137
1,157.177
1,157.201
1,157.204
1,157.376
1,157.381
1,157.419
1,157.446
1,157.5
1,157.532
1,157.532
1,157.582
1,157.614
1,157.619
1,157.665
1,157.67
1,157.696
1,157.699
1,157.715
1,157.739
1,157.746
1,157.751
1,157.759
1,157.779
1,157.788
1,157.869
1,157.875
1,157.897
1,157.909
1,157.932
1,157.944
1,157.95
1,157.956
1,157.968
1,157.972
1,157.983
1,157.991
1,157.992
1,157.996
1,158.007
1,158.009
1,158.016
1,158.018
1,158.029
1,158.051
1,158.057
1,158.058
1,158.103
1,158.113
1,158.12
1,158.121
1,158.136
1,158.152
1,158.208
1,158.242
1,158.242
1,158.244
1,158.304
1,158.321
1,158.322
1,158.327
1,158.34
1,158.389
1,158.404
1,158.419
1,158.429
1,158.455
1,158.479
1,158.517
1,158.569
1,158.57
1,158.578
1,158.715
1,158.754
1,158.763
1,158.767
1,158.79
1,158.795
1,158.813
1,158.832
1,158.84
1,158.857
1,158.913
1,158.955
1,158.972
1,158.976
1,158.982
1,159.026
1,159.036
1,159.041
1,159.081
1,159.083
1,159.106
1,159.134
1,159.164
1,159.184
1,159.212
1,159.233
1,159.248
1,159.252
1,159.337
1,159.356
1,159.415
1,159.418
1,159.437
1,159.483
1,159.499
1,159.502
1,159.533
1,159.552
1,159.582
1,159.587
1,159.621
1,159.659
1,159.668
1,159.673
1,159.702
1,159.715
1,159.723
1,159.728
1,159.784
1,159.798
1,159.798
1,159.825
1,159.837
1,159.848
1,159.849
1,159.869
1,159.886
1,159.886
1,159.89
1,159.894
1,159.895
1,159.9
1,159.939
1,159.941
1,159.943
1,159.959
1,159.96
1,159.968
1,159.973
1,159.975
1,159.986
1,159.989
1,159.991
1,160.001
1,160.006
1,160.009
1,160.011
1,160.011
1,160.011
1,160.015
1,160.017
1,160.018
1,160.02
1,160.022
1,160.022
1,160.026
1,160.027
1,160.028
1,160.03
1,160.033
1,160.038
1,160.039
1,160.04
1,160.04
1,160.04
1,160.043
1,160.045
1,160.046
1,160.046
1,160.048
1,160.05
1,160.051
1,160.052
1,160.057
1,160.059
1,160.066
1,160.067
1,160.071
1,160.08
1,160.084
1,160.089
1,160.102
1,160.105
1,160.109
1,160.114
1,160.126
1,160.126
1,160.129
1,160.138
1,160.147
1,160.153
1,160.158
1,160.159
1,160.165
1,160.184
1,160.212
1,160.24
1,160.246
1,160.251
1,160.26
1,160.261
1,160.267
1,160.275
1,160.313
1,160.336
1,160.343
1,160.409
1,160.443
1,160.451
1,160.546
1,160.589
1,160.598
1,160.623
1,160.655
1,160.663
1,160.663
1,160.67
1,160.68
1,160.731
1,160.783
1,160.786
1,160.828
1,160.839
1,160.887
1,160.938
1,160.976
1,160.979
1,160.979
1,160.981
1,161.032
1,161.033
1,161.045
1,161.054
1,161.063
1,161.071
1,161.172
1,161.176
1,161.191
1,161.196
1,161.246
1,161.26
1,161.272
1,161.288
1,161.345
1,161.353
1,161.387
1,161.405
1,161.456
1,161.47
1,161.47
1,161.486
1,161.518
1,161.529
1,161.533
1,161.543
1,161.621
1,161.631
1,161.665
1,161.68
1,161.694
1,161.697
1,161.7
1,161.721
1,161.728
1,161.737
1,161.739
1,161.739
1,161.772
1,161.782
1,161.796
1,161.804
1,161.846
1,161.853
1,161.868
1,161.874
1,161.895
1,161.899
1,161.909
1,161.919
1,161.961
1,161.976
1,161.976
1,161.979
1,161.986
1,161.986
1,161.988
1,161.991
1,161.991
1,161.994
1,161.996
1,162.002
1,162.006
1,162.009
1,162.016
1,162.019
1,162.019
1,162.024
1,162.025
1,162.069
1,162.101
1,162.103
1,162.133
1,162.134
1,162.139
1,162.155
1,162.226
1,162.296
1,162.329
1,162.343
1,162.356
1,162.38
1,162.384
1,162.384
1,162.385
1,162.389
1,162.394
1,162.441
1,162.442
1,162.487
1,162.496
1,162.575
1,162.609
1,162.618
1,162.653
1,162.676
1,162.682
1,162.683
1,162.727
1,162.733
1,162.736
1,162.771
1,162.781
1,162.817
1,162.843
1,162.855
1,162.876
1,162.907
1,162.909
1,162.944
1,162.954
1,162.984
1,162.987
1,162.987
1,162.993
1,162.995
1,163.006
1,163.007
1,163.024
1,163.066
1,163.081
1,163.083
1,163.085
1,163.086
1,163.087
1,163.12
1,163.136
1,163.167
1,163.204
1,163.257
1,163.317
1,163.35
1,163.371
1,163.381
1,163.385
1,163.393
1,163.44
1,163.445
1,163.519
1,163.566
1,163.567
1,163.567
1,163.57
1,163.604
1,163.604
1,163.664
1,163.67
1,163.692
1,163.725
1,163.748
1,163.759
1,163.773
1,163.789
1,163.848
1,163.848
1,163.855
1,163.881
1,163.884
1,163.902
1,163.92
1,163.921
1,163.922
1,163.935
1,163.937
1,163.942
1,163.957
1,163.959
1,163.96
1,163.969
1,163.97
1,163.975
1,163.987
1,163.99
1,163.992
1,164.002
1,164.024
1,164.025
1,164.026
1,164.041
1,164.049
1,164.069
1,164.137
1,164.171
1,164.192
1,164.216
1,164.23
1,164.33
1,164.35
1,164.359
1,164.387
1,164.52
1,164.594
1,164.595
1,164.595
1,164.618
1,164.637
1,164.641
1,164.647
1,164.648
1,164.672
1,164.698
1,164.769
1,164.815
1,164.828
1,164.886
1,164.925
1,164.93
1,164.942
1,164.946
1,164.947
1,164.963
1,164.972
1,164.981
1,164.983
1,165.006
1,165.019
1,165.023
1,165.038
1,165.048
1,165.111
1,165.142
1,165.145
1,165.152
1,165.168
1,165.171
1,165.183
1,165.204
1,165.224
1,165.252
1,165.263
1,165.271
1,165.278
1,165.294
1,165.303
1,165.346
1,165.469
1,165.476
1,165.526
1,165.53
1,165.546
1,165.552
1,165.578
1,165.597
1,165.621
1,165.668
1,165.67
1,165.712
1,165.754
1,165.76
1,165.763
1,165.764
1,165.779
1,165.81
1,165.886
1,165.898
1,165.903
1,165.904
1,165.908
1,165.965
1,165.967
1,165.971
1,165.976
1,165.976
1,165.977
1,165.979
1,166.002
1,166.011
1,166.015
1,166.025
1,166.026
1,166.029
1,166.03
1,166.03
1,166.036
1,166.037
1,166.05
1,166.057
1,166.064
1,166.081
1,166.09
1,166.092
1,166.124
1,166.138
1,166.199
1,166.238
1,166.275
1,166.281
1,166.323
1,166.409
1,166.411
1,166.431
1,166.531
1,166.555
1,166.579
1,166.648
1,166.687
1,166.72
1,166.748
1,166.749
1,166.796
1,166.809
1,166.862
1,166.864
1,166.891
1,166.906
1,166.925
1,166.929
1,166.93
1,166.935
1,166.989
1,167.011
1,167.018
1,167.111
1,167.142
1,167.156
1,167.263
1,167.263
1,167.278
1,167.307
1,167.312
1,167.336
1,167.377
1,167.461
1,167.477
1,167.48
1,167.486
1,167.489
1,167.504
1,167.553
1,167.559
1,167.559
1,167.567
1,167.59
1,167.604
1,167.614
1,167.665
1,167.677
1,167.697
1,167.753
1,167.772
1,167.793
1,167.829
1,167.831
1,167.832
1,167.841
1,167.85
1,167.857
1,167.871
1,167.873
1,167.878
1,167.885
1,167.902
1,167.905
1,167.909
1,167.915
1,167.92
1,167.927
1,167.935
1,167.941
1,167.947
1,167.951
1,167.952
1,167.954
1,167.97
1,167.971
1,167.984
1,167.988
1,167.997
1,168
1,168.004
1,168.009
1,168.013
1,168.02
1,168.027
1,168.035
1,168.039
1,168.049
1,168.069
1,168.08
1,168.099
1,168.106
1,168.121
1,168.135
1,168.144
1,168.165
1,168.193
1,168.203
1,168.21
1,168.231
1,168.242
1,168.248
1,168.248
1,168.268
1,168.303
1,168.307
1,168.323
1,168.34
1,168.352
1,168.36
1,168.459
1,168.474
1,168.527
1,168.558
1,168.628
1,168.752
1,168.814
1,168.849
1,168.861
1,168.879
1,168.897
1,168.901
1,168.932
1,168.935
1,168.946
1,168.979
1,168.989
1,169.038
1,169.105
1,169.131
1,169.193
1,169.235
1,169.237
1,169.333
1,169.423
1,169.428
1,169.654
1,169.663
1,169.672
1,169.714
1,169.722
1,169.771
1,169.775
1,169.797
1,169.801
1,169.822
1,169.866
1,169.875
1,169.878
1,169.898
1,169.938
1,169.943
1,169.951
1,169.966
1,169.981
1,169.991
1,169.994
1,170.003
1,170.017
1,170.024
1,170.029
1,170.034
1,170.038
1,170.04
1,170.041
1,170.046
1,170.046
1,170.047
1,170.047
1,170.063
1,170.064
1,170.069
1,170.079
1,170.081
1,170.095
1,170.114
1,170.167
1,170.192
1,170.217
1,170.238
1,170.373
1,170.412
1,170.462
1,170.474
1,170.548
1,170.61
1,170.702
1,170.702
1,170.732
1,170.739
1,170.773
1,170.781
1,170.897
1,170.899
1,170.916
1,170.94
1,170.966
1,170.987
1,170.995
1,171.123
1,171.197
1,171.329
1,171.377
1,171.463
1,171.505
1,171.516
1,171.52
1,171.527
1,171.597
1,171.613
1,171.648
1,171.693
1,171.743
1,171.78
1,171.787
1,171.833
1,171.849
1,171.85
1,171.876
1,171.91
1,171.918
1,171.924
1,171.944
1,171.968
1,171.99
1,171.991
1,172.02
1,172.054
1,172.061
1,172.076
1,172.112
1,172.133
1,172.172
1,172.221
1,172.223
1,172.279
1,172.287
1,172.326
1,172.337
1,172.348
1,172.35
1,172.371
1,172.398
1,172.453
1,172.485
1,172.502
1,172.514
1,172.514
1,172.612
1,172.703
1,172.716
1,172.789
1,172.809
1,172.9
1,172.909
1,172.955
1,173.071
1,173.205
1,173.221
1,173.34
1,173.357
1,173.423
1,173.468
1,173.482
1,173.581
1,173.649
1,173.652
1,173.661
1,173.669
1,173.709
1,173.712
1,173.776
1,173.828
1,173.841
1,173.845
1,173.903
1,173.903
1,173.919
1,173.936
1,173.945
1,173.974
1,173.983
1,173.985
1,174.005
1,174.014
1,174.019
1,174.037
1,174.059
1,174.108
1,174.211
1,174.23
1,174.268
1,174.271
1,174.281
1,174.282
1,174.287
1,174.293
1,174.33
1,174.332
1,174.395
1,174.424
1,174.437
1,174.468
1,174.49
1,174.52
1,174.524
1,174.554
1,174.57
1,174.609
1,174.628
1,174.651
1,174.682
1,174.69
1,174.731
1,174.762
1,174.785
1,174.792
1,174.856
1,174.865
1,174.942
1,174.96
1,174.984
1,174.993
1,175.007
1,175.01
1,175.028
1,175.048
1,175.127
1,175.154
1,175.202
1,175.325
1,175.363
1,175.393
1,175.421
1,175.43
1,175.613
1,175.626
1,175.628
1,175.663
1,175.673
1,175.708
1,175.711
1,175.769
1,175.781
1,175.911
1,175.945
1,175.948
1,175.954
1,175.959
1,176.014
1,176.02
1,176.022
1,176.066
1,176.113
1,176.121
1,176.122
1,176.138
1,176.153
1,176.16
1,176.18
1,176.269
1,176.279
1,176.298
1,176.349
1,176.447
1,176.536
1,176.591
1,176.756
1,176.761
1,176.83
1,176.932
1,176.945
1,177.093
1,177.098
1,177.152
1,177.255
1,177.281
1,177.362
1,177.465
1,177.551
1,177.563
1,177.598
1,177.662
1,177.752
1,177.809
1,177.841
1,177.866
1,177.876
1,177.878
1,177.886
1,177.931
1,177.942
1,177.945
1,177.958
1,177.963
1,177.972
1,178.021
1,178.13
1,178.142
1,178.192
1,178.249
1,178.299
1,178.339
1,178.343
1,178.427
1,178.471
1,178.518
1,178.531
1,178.574
1,178.596
1,178.63
1,178.716
1,178.719
1,178.721
1,178.725
1,178.804
1,178.825
1,178.929
1,178.934
1,178.936
1,179.001
1,179.004
1,179.008
1,179.081
1,179.13
1,179.161
1,179.264
1,179.269
1,179.311
1,179.318
1,179.406
1,179.486
1,179.49
1,179.501
1,179.502
1,179.51
1,179.547
1,179.575
1,179.587
1,179.609
1,179.629
1,179.665
1,179.688
1,179.803
1,179.82
1,179.831
1,179.832
1,179.888
1,179.912
1,179.934
1,179.965
1,179.976
1,179.978
1,179.987
1,179.988
1,179.998
1,179.999
1,180.005
1,180.008
1,180.009
1,180.012
1,180.017
1,180.017
1,180.02
1,180.025
1,180.04
1,180.054
1,180.06
1,180.06
1,180.068
1,180.073
1,180.073
1,180.077
1,180.094
1,180.106
1,180.12
1,180.121
1,180.126
1,180.129
1,180.132
1,180.137
1,180.149
1,180.168
1,180.191
1,180.203
1,180.253
1,180.287
1,180.296
1,180.327
1,180.381
1,180.415
1,180.469
1,180.521
1,180.532
1,180.588
1,180.733
1,180.8
1,180.823
1,180.825
1,180.854
1,180.874
1,180.876
1,180.974
1,181.002
1,181.018
1,181.03
1,181.115
1,181.187
1,181.208
1,181.239
1,181.3
1,181.355
1,181.368
1,181.371
1,181.41
1,181.421
1,181.469
1,181.549
1,181.573
1,181.671
1,181.731
1,181.743
1,181.747
1,181.748
1,181.801
1,181.861
1,181.863
1,181.889
1,181.9
1,181.968
1,182.01
1,182.085
1,182.153
1,182.168
1,182.195
1,182.198
1,182.247
1,182.261
1,182.376
1,182.393
1,182.408
1,182.456
1,182.487
1,182.518
1,182.542
1,182.57
1,182.589
1,182.672
1,182.705
1,182.721
1,182.756
1,182.773
1,182.774
1,182.879
1,182.918
1,182.922
1,182.949
1,182.962
1,182.974
1,182.977
1,182.98
1,183.048
1,183.205
1,183.437
1,183.486
1,183.512
1,183.513
1,183.566
1,183.573
1,183.58
1,183.619
1,183.636
1,183.662
1,183.684
1,183.698
1,183.709
1,183.801
1,183.808
1,183.827
1,183.836
1,183.881
1,183.882
1,183.897
1,183.907
1,183.92
1,183.935
1,183.94
1,183.956
1,184.004
1,184.012
1,184.012
1,184.023
1,184.046
1,184.15
1,184.154
1,184.155
1,184.279
1,184.283
1,184.456
1,184.529
1,184.591
1,184.884
1,184.964
1,184.981
1,185.012
1,185.063
1,185.092
1,185.094
1,185.246
1,185.255
1,185.266
1,185.325
1,185.327
1,185.333
1,185.409
1,185.452
1,185.453
1,185.46
1,185.498
1,185.553
1,185.559
1,185.583
1,185.592
1,185.598
1,185.615
1,185.623
1,185.76
1,185.88
1,185.89
1,185.93
1,185.97
1,185.981
1,186.006
1,186.012
1,186.075
1,186.12
1,186.121
1,186.128
1,186.13
1,186.138
1,186.141
1,186.159
1,186.23
1,186.254
1,186.285
1,186.393
1,186.423
1,186.44
1,186.495
1,186.501
1,186.511
1,186.549
1,186.582
1,186.6
1,186.683
1,186.848
1,186.882
1,186.886
1,187.045
1,187.128
1,187.176
1,187.222
1,187.232
1,187.284
1,187.314
1,187.323
1,187.401
1,187.406
1,187.427
1,187.44
1,187.46
1,187.495
1,187.511
1,187.566
1,187.66
1,187.716
1,187.807
1,187.835
1,187.844
1,187.874
1,187.893
1,187.926
1,187.944
1,187.958
1,188.018
1,188.018
1,188.056
1,188.068
1,188.481
1,188.502
1,188.502
1,188.626
1,188.886
1,188.91
1,188.924
1,188.947
1,188.979
1,189.037
1,189.068
1,189.134
1,189.263
1,189.288
1,189.294
1,189.331
1,189.524
1,189.534
1,189.616
1,189.646
1,189.682
1,189.735
1,189.758
1,189.782
1,189.801
1,189.817
1,189.824
1,189.825
1,189.859
1,189.917
1,189.972
1,189.987
1,189.99
1,189.995
1,189.997
1,190.008
1,190.01
1,190.01
1,190.01
1,190.019
1,190.035
1,190.035
1,190.038
1,190.042
1,190.102
1,190.116
1,190.14
1,190.309
1,190.333
1,190.485
1,190.6
1,190.605
1,190.631
1,190.698
1,190.922
1,191.033
1,191.063
1,191.144
1,191.196
1,191.226
1,191.383
1,191.406
1,191.436
1,191.548
1,191.61
1,191.863
1,191.929
1,191.956
1,191.964
1,192.013
1,192.021
1,192.025
1,192.027
1,192.063
1,192.068
1,192.07
1,192.114
1,192.239
1,192.242
1,192.297
1,192.301
1,192.417
1,192.476
1,192.66
1,192.668
1,192.688
1,192.702
1,192.725
1,192.819
1,192.831
1,192.89
1,193.14
1,193.361
1,193.426
1,193.56
1,193.575
1,193.578
1,193.584
1,193.626
1,193.637
1,193.693
1,193.84
1,193.919
1,193.978
1,193.99
1,194.012
1,194.028
1,194.039
1,194.099
1,194.107
1,194.156
1,194.238
1,194.283
1,194.53
1,194.532
1,194.659
1,194.691
1,194.704
1,194.922
1,195.005
1,195.026
1,195.109
1,195.208
1,195.223
1,195.317
1,195.44
1,195.462
1,195.633
1,195.755
1,195.824
1,195.874
1,195.976
1,195.985
1,195.995
1,196.004
1,196.013
1,196.022
1,196.034
1,196.04
1,196.096
1,196.106
1,196.13
1,196.137
1,196.141
1,196.188
1,196.196
1,196.201
1,196.303
1,196.327
1,196.429
1,196.446
1,196.45
1,196.482
1,196.52
1,196.681
1,196.865
1,197.011
1,197.038
1,197.143
1,197.152
1,197.213
1,197.232
1,197.352
1,197.443
1,197.458
1,197.471
1,197.631
1,197.704
1,197.722
1,197.741
1,197.831
1,197.992
1,198.016
1,198.118
1,198.138
1,198.201
1,198.464
1,198.564
1,198.736
1,198.855
1,199.004
1,199.028
1,199.046
1,199.07
1,199.379
1,199.483
1,199.497
1,199.527
1,199.652
1,199.675
1,199.747
1,199.762
1,199.792
1,199.826
1,199.826
1,199.894
1,199.917
1,199.955
1,200.004
1,200.004
1,200.016
1,200.036
1,200.039
1,200.06
1,200.061
1,200.079
1,200.105
1,200.114
1,200.169
1,200.199
1,200.199
1,200.249
1,200.265
1,200.289
1,200.375
1,200.42
1,200.435
1,200.52
1,200.534
1,200.562
1,200.617
1,200.716
1,200.826
1,200.876
1,200.877
1,201.006
1,201.123
1,201.21
1,201.269
1,201.333
1,201.459
1,201.494
1,201.512
1,201.532
1,201.541
1,201.566
1,201.578
1,201.651
1,201.792
1,201.792
1,201.802
1,201.933
1,201.951
1,201.953
1,202.036
1,202.052
1,202.068
1,202.153
1,202.179
1,202.233
1,202.266
1,202.358
1,202.496
1,202.578
1,202.65
1,202.693
1,202.789
1,202.829
1,202.999
1,203.016
1,203.211
1,203.29
1,203.314
1,203.419
1,203.737
1,203.773
1,203.792
1,203.944
1,203.964
1,203.994
1,204.064
1,204.066
1,204.255
1,204.304
1,204.791
1,205.016
1,205.16
1,205.204
1,205.245
1,205.317
1,205.323
1,205.333
1,205.553
1,205.559
1,205.694
1,205.739
1,205.885
1,205.972
1,206.02
1,206.101
1,206.376
1,206.454
1,206.609
1,206.637
1,206.791
1,206.936
1,206.941
1,206.978
1,207.152
1,207.238
1,207.409
1,207.544
1,207.974
1,208.002
1,208.167
1,208.299
1,208.304
1,208.338
1,208.416
1,208.51
1,208.517
1,208.567
1,208.737
1,208.832
1,208.865
1,209.056
1,209.141
1,209.384
1,209.396
1,209.581
1,209.649
1,209.695
1,209.739
1,209.752
1,209.955
1,209.956
1,210.032
1,210.124
1,210.253
1,210.305
1,210.47
1,210.636
1,210.691
1,210.8
1,210.858
1,210.871
1,210.898
1,210.957
1,210.982
1,211.059
1,211.327
1,211.688
1,211.806
1,211.974
1,211.986
1,211.987
1,212.293
1,212.401
1,213.617
1,213.718
1,213.995
1,214.324
1,214.424
1,214.941
1,215
1,215.006
1,215.349
1,215.461
1,215.595
1,215.916
1,215.999
1,216.023
1,216.023
1,216.195
1,216.196
1,216.557
1,217.13
1,217.289
1,217.327
2,218.093
2,218.587
2,218.681
2,219.131
2,219.298
2,219.518
2,219.569
2,219.796
2,219.826
2,219.94
2,220.026
2,220.031
2,220.104
2,220.181
2,220.266
2,220.311
2,221.658
2,221.796
2,221.81
2,221.858
2,222.02
2,222.916
2,223.323
2,223.34
2,223.387
2,223.617
2,223.62
2,224.247
2,224.471
2,225.669
2,225.812
2,226.146
2,227.161
2,227.236
2,227.247
2,227.25
2,227.302
2,227.48
2,228.461
2,228.637
2,229.049
2,229.221
2,229.749
2,229.808
2,229.864
2,229.913
2,230.041
2,230.187
2,230.992
2,231.089
2,231.145
2,231.264
2,231.725
2,231.851
2,231.867
2,232.436
2,232.709
2,234.26
2,234.334
2,234.361
2,235.318
2,235.337
2,235.405
2,235.903
2,236.006
2,237.466
2,237.831
2,238.875
2,239.407
2,240.064
2,240.263
2,240.314
2,240.5
2,240.761
2,240.983
2,241.242
2,241.52
2,241.818
2,241.877
2,241.892
2,242.393
2,242.7
2,243.195
2,243.981
2,243.994
2,244.268
2,244.366
2,246.5
2,246.593
2,248.079
2,253.357
2,258.677
2,262.828
